,date,mai_w,wea_d,min_t,max_t,fli_t,prea_b,humid,sea_l,grn_l,visib,wind,win_d,clo_a,date_t,sun_r,sun_s,tim_z,temp
0,2023-01-01,Rainy,Rainy,23.04,25.72,25.72,1024,92,1044,722,10000,1.38,93,2,1672531200,1725194081,1725241076,-21600,24.52
1,2023-01-02,Overcast,Overcast,24.37,26.81,28.39,1050,64,1050,747,10000,1.39,104,0,1672531200,1725194081,1725241076,-21600,25.42
2,2023-01-03,Storm,Storm,24.59,27.03,28.07,1039,26,1044,769,10000,1.7,85,2,1672531200,1725194081,1725241076,-21600,25.7
3,2023-01-04,Cloudy,Cloudy,25.49,27.77,29.18,1040,25,1047,763,10000,1.76,98,1,1672531200,1725194081,1725241076,-21600,26.6
4,2023-01-05,Rainy,Rainy,23.39,25.83,27.02,1044,54,1000,759,10000,1.37,104,1,1672531200,1725194081,1725241076,-21600,24.52
5,2023-01-06,Storm,Storm,23.98,26.49,28.18,1050,80,1018,762,10000,1.37,91,2,1672531200,1725194081,1725241076,-21600,25.21
6,2023-01-07,Cloudy,Cloudy,24.59,26.97,28.49,1045,59,1042,764,10000,1.38,86,1,1672531200,1725194081,1725241076,-21600,25.79
7,2023-01-08,Cloudy,Cloudy,25.19,27.61,28.82,1022,36,1006,737,10000,1.35,91,2,1672531200,1725194081,1725241076,-21600,26.61
8,2023-01-09,sky,Clear sky,24.81,26.96,28.69,1026,67,1006,740,10000,1.64,104,2,1672531200,1725194081,1725241076,-21600,25.94
9,2023-01-10,sunny,Mostly sunny,24.62,27.21,27.37,1047,30,1028,765,10000,1.67,90,0,1672531200,1725194081,1725241076,-21600,26.02
10,2023-01-11,clouds,scattered clouds,25.62,27.81,28.83,1037,51,1046,720,10000,1.26,95,2,1672531200,1725194081,1725241076,-21600,26.66
11,2023-01-12,cloudy,Partially cloudy,25.81,28.17,29.89,1041,28,1050,750,10000,1.31,87,2,1672531200,1725194081,1725241076,-21600,26.9
12,2023-01-13,clouds,scattered clouds,23.31,26.19,26.33,1044,40,1032,777,10000,1.61,98,2,1672531200,1725194081,1725241076,-21600,24.73
13,2023-01-14,cloudy,Partially cloudy,23.46,25.97,25.91,1030,84,1040,737,10000,1.79,101,2,1672531200,1725194081,1725241076,-21600,24.58
14,2023-01-15,Storm,Storm,22.72,25.15,25.13,1015,71,1024,766,10000,1.56,90,0,1672531200,1725194081,1725241076,-21600,24.06
15,2023-01-16,clouds,scattered clouds,22.42,24.94,25.81,1046,85,1045,776,10000,1.32,87,1,1672531200,1725194081,1725241076,-21600,23.44
16,2023-01-17,sunny,Mostly sunny,23.71,26.22,27.17,1034,67,1014,733,10000,1.73,103,2,1672531200,1725194081,1725241076,-21600,24.79
17,2023-01-18,Cloudy,Cloudy,22.52,24.8,25.28,1042,25,1003,763,10000,1.26,101,2,1672531200,1725194081,1725241076,-21600,23.54
18,2023-01-19,Fog,Fog,24.11,26.76,28.11,1015,91,1005,776,10000,1.69,105,2,1672531200,1725194081,1725241076,-21600,25.37
19,2023-01-20,cloudy,Partially cloudy,25.6,27.88,29.67,1038,33,1033,720,10000,1.63,87,1,1672531200,1725194081,1725241076,-21600,26.67
20,2023-01-21,sunny,Mostly sunny,23.43,25.89,25.95,1030,66,1024,725,10000,1.45,103,2,1672531200,1725194081,1725241076,-21600,24.78
21,2023-01-22,clouds,scattered clouds,23.97,26.88,27.26,1020,84,1004,753,10000,1.35,86,2,1672531200,1725194081,1725241076,-21600,25.38
22,2023-01-23,Cloudy,Cloudy,22.28,24.9,25.07,1044,36,1043,756,10000,1.71,88,2,1672531200,1725194081,1725241076,-21600,23.6
23,2023-01-24,cloudy,Partially cloudy,23.28,25.89,27.3,1010,48,1022,731,10000,1.63,97,1,1672531200,1725194081,1725241076,-21600,24.44
24,2023-01-25,sky,Clear sky,23.24,25.63,26.36,1010,76,1031,771,10000,1.5,104,1,1672531200,1725194081,1725241076,-21600,24.41
25,2023-01-26,clouds,scattered clouds,21.77,24.45,24.6,1014,47,1010,739,10000,1.75,86,1,1672531200,1725194081,1725241076,-21600,23.26
26,2023-01-27,Sunny,Sunny,23.75,26.37,27.12,1012,23,1024,730,10000,1.8,105,0,1672531200,1725194081,1725241076,-21600,24.88
27,2023-01-28,Rainy,Rainy,23.43,25.91,25.95,1019,50,1035,754,10000,1.76,93,1,1672531200,1725194081,1725241076,-21600,24.51
28,2023-01-29,Overcast,Overcast,24.83,26.96,27.69,1047,44,1042,739,10000,1.2,104,0,1672531200,1725194081,1725241076,-21600,25.83
29,2023-01-30,Cloudy,Cloudy,24.44,26.78,28.28,1028,93,1048,761,10000,1.6,89,2,1672531200,1725194081,1725241076,-21600,25.47
30,2023-01-31,cloudy,Partially cloudy,22.49,25.03,24.85,1050,67,1019,746,10000,1.5,95,0,1672531200,1725194081,1725241076,-21600,23.64
31,2023-02-01,cloudy,Partially cloudy,22.71,25.43,27.01,1030,85,1014,747,10000,1.55,105,1,1672531200,1725194081,1725241076,-21600,24.15
32,2023-02-02,Sunny,Sunny,22.12,24.93,25.57,1043,21,1035,748,10000,1.79,94,1,1672531200,1725194081,1725241076,-21600,23.48
33,2023-02-03,sky,Clear sky,23.79,26.03,27.33,1035,79,1036,737,10000,1.62,92,0,1672531200,1725194081,1725241076,-21600,24.93
34,2023-02-04,cloudy,Partially cloudy,24.2,27.08,27.96,1026,42,1018,772,10000,1.71,96,1,1672531200,1725194081,1725241076,-21600,25.69
35,2023-02-05,Rainy,Rainy,23.16,25.34,26.26,1041,75,1004,749,10000,1.25,104,1,1672531200,1725194081,1725241076,-21600,24.27
36,2023-02-06,Sunny,Sunny,24.94,27.34,28.89,1013,78,1019,768,10000,1.69,101,2,1672531200,1725194081,1725241076,-21600,26.27
37,2023-02-07,clouds,scattered clouds,23.18,25.37,26.49,1033,79,1006,758,10000,1.7,99,0,1672531200,1725194081,1725241076,-21600,24.3
38,2023-02-08,Sunny,Sunny,22.47,25.28,25.03,1044,49,1000,761,10000,1.74,92,2,1672531200,1725194081,1725241076,-21600,23.91
39,2023-02-09,Fog,Fog,24.34,27.0,27.58,1049,46,1010,777,10000,1.48,102,1,1672531200,1725194081,1725241076,-21600,25.53
40,2023-02-10,Overcast,Overcast,21.9,24.46,25.26,1032,88,1046,737,10000,1.73,87,2,1672531200,1725194081,1725241076,-21600,23.28
41,2023-02-11,Rainy,Rainy,24.12,26.83,28.19,1018,61,1047,756,10000,1.36,99,2,1672531200,1725194081,1725241076,-21600,25.41
42,2023-02-12,Sunny,Sunny,22.07,24.98,25.51,1024,26,1013,734,10000,1.25,103,0,1672531200,1725194081,1725241076,-21600,23.49
43,2023-02-13,clouds,scattered clouds,21.98,24.71,25.05,1022,60,1033,731,10000,1.75,105,0,1672531200,1725194081,1725241076,-21600,23.34
44,2023-02-14,Fog,Fog,25.51,28.22,29.08,1042,67,1026,776,10000,1.46,85,2,1672531200,1725194081,1725241076,-21600,26.91
45,2023-02-15,sunny,Mostly sunny,23.72,26.48,26.27,1020,32,1017,778,10000,1.28,91,2,1672531200,1725194081,1725241076,-21600,25.16
46,2023-02-16,Storm,Storm,22.04,24.17,24.86,1036,40,1020,741,10000,1.44,99,2,1672531200,1725194081,1725241076,-21600,23.13
47,2023-02-17,Overcast,Overcast,23.26,25.62,27.12,1043,80,1018,759,10000,1.32,93,2,1672531200,1725194081,1725241076,-21600,24.53
48,2023-02-18,sunny,Mostly sunny,22.41,24.78,26.11,1038,27,1007,735,10000,1.57,87,0,1672531200,1725194081,1725241076,-21600,23.61
49,2023-02-19,Cloudy,Cloudy,23.54,26.24,27.3,1014,24,1006,742,10000,1.42,96,1,1672531200,1725194081,1725241076,-21600,24.96
50,2023-02-20,Cloudy,Cloudy,23.79,26.56,27.4,1046,49,1002,754,10000,1.49,99,2,1672531200,1725194081,1725241076,-21600,25.12
51,2023-02-21,Sunny,Sunny,23.36,25.85,27.17,1016,22,1003,749,10000,1.58,96,2,1672531200,1725194081,1725241076,-21600,24.46
52,2023-02-22,sky,Clear sky,22.95,25.78,25.48,1041,56,1042,775,10000,1.68,100,1,1672531200,1725194081,1725241076,-21600,24.41
53,2023-02-23,Fog,Fog,23.87,26.7,27.07,1024,85,1046,768,10000,1.78,103,0,1672531200,1725194081,1725241076,-21600,25.26
54,2023-02-24,Cloudy,Cloudy,22.23,24.85,26.0,1018,38,1030,770,10000,1.23,103,0,1672531200,1725194081,1725241076,-21600,23.72
55,2023-02-25,sky,Clear sky,24.8,27.1,28.0,1033,33,1019,771,10000,1.69,92,1,1672531200,1725194081,1725241076,-21600,26.03
56,2023-02-26,Overcast,Overcast,23.52,26.31,27.43,1013,44,1020,770,10000,1.7,99,0,1672531200,1725194081,1725241076,-21600,24.86
57,2023-02-27,sunny,Mostly sunny,22.18,24.56,25.23,1043,37,1015,732,10000,1.37,95,0,1672531200,1725194081,1725241076,-21600,23.45
58,2023-02-28,Rainy,Rainy,24.03,26.38,26.61,1032,48,1003,766,10000,1.55,97,0,1672531200,1725194081,1725241076,-21600,25.05
59,2023-03-01,Cloudy,Cloudy,23.99,26.31,27.94,1012,44,1022,734,10000,1.75,101,1,1672531200,1725194081,1725241076,-21600,25.15
60,2023-03-02,Sunny,Sunny,22.4,24.89,25.65,1046,61,1004,773,10000,1.76,91,1,1672531200,1725194081,1725241076,-21600,23.41
61,2023-03-03,Cloudy,Cloudy,23.99,26.73,27.44,1016,70,1047,775,10000,1.22,93,2,1672531200,1725194081,1725241076,-21600,25.33
62,2023-03-04,Rainy,Rainy,22.49,24.61,25.54,1011,61,1028,740,10000,1.43,86,1,1672531200,1725194081,1725241076,-21600,23.49
63,2023-03-05,sunny,Mostly sunny,24.72,26.86,27.9,1025,28,1022,775,10000,1.29,90,1,1672531200,1725194081,1725241076,-21600,25.73
64,2023-03-06,sunny,Mostly sunny,25.31,28.0,28.99,1049,32,1009,750,10000,1.33,89,0,1672531200,1725194081,1725241076,-21600,26.76
65,2023-03-07,Sunny,Sunny,23.96,26.28,28.02,1028,91,1030,765,10000,1.73,87,1,1672531200,1725194081,1725241076,-21600,25.09
66,2023-03-08,sky,Clear sky,21.94,24.9,24.74,1048,86,1045,727,10000,1.35,101,0,1672531200,1725194081,1725241076,-21600,23.41
67,2023-03-09,clouds,scattered clouds,22.62,24.83,26.02,1037,88,1028,761,10000,1.35,100,1,1672531200,1725194081,1725241076,-21600,23.62
68,2023-03-10,Fog,Fog,23.15,25.57,27.32,1012,52,1008,724,10000,1.71,89,1,1672531200,1725194081,1725241076,-21600,24.35
69,2023-03-11,sky,Clear sky,22.08,24.4,25.29,1015,67,1045,750,10000,1.56,91,1,1672531200,1725194081,1725241076,-21600,23.28
70,2023-03-12,Fog,Fog,24.95,27.56,28.36,1012,81,1042,772,10000,1.68,90,2,1672531200,1725194081,1725241076,-21600,26.13
71,2023-03-13,clouds,scattered clouds,24.39,26.61,27.26,1045,78,1031,749,10000,1.21,104,1,1672531200,1725194081,1725241076,-21600,25.46
72,2023-03-14,sky,Clear sky,23.59,26.1,27.24,1037,84,1003,749,10000,1.22,98,1,1672531200,1725194081,1725241076,-21600,25.08
73,2023-03-15,Storm,Storm,24.72,27.22,28.7,1014,31,1033,772,10000,1.3,100,1,1672531200,1725194081,1725241076,-21600,25.77
74,2023-03-16,cloudy,Partially cloudy,24.16,26.29,27.39,1050,52,1012,724,10000,1.47,89,1,1672531200,1725194081,1725241076,-21600,25.26
75,2023-03-17,cloudy,Partially cloudy,25.44,28.07,28.32,1032,55,1047,743,10000,1.65,102,2,1672531200,1725194081,1725241076,-21600,26.75
76,2023-03-18,clouds,scattered clouds,24.09,26.49,26.74,1028,22,1001,740,10000,1.39,90,2,1672531200,1725194081,1725241076,-21600,25.49
77,2023-03-19,Cloudy,Cloudy,23.59,26.17,26.95,1023,94,1035,762,10000,1.68,93,2,1672531200,1725194081,1725241076,-21600,24.7
78,2023-03-20,Rainy,Rainy,24.51,27.27,27.34,1027,33,1037,738,10000,1.65,85,0,1672531200,1725194081,1725241076,-21600,25.88
79,2023-03-21,Storm,Storm,22.66,24.99,26.2,1020,95,1003,741,10000,1.33,86,2,1672531200,1725194081,1725241076,-21600,23.78
80,2023-03-22,Fog,Fog,22.16,24.4,25.97,1044,82,1015,753,10000,1.66,101,0,1672531200,1725194081,1725241076,-21600,23.25
81,2023-03-23,cloudy,Partially cloudy,23.27,26.02,27.06,1026,23,1004,748,10000,1.42,105,1,1672531200,1725194081,1725241076,-21600,24.74
82,2023-03-24,Rainy,Rainy,23.22,26.07,26.51,1021,23,1020,748,10000,1.7,103,0,1672531200,1725194081,1725241076,-21600,24.59
83,2023-03-25,clouds,scattered clouds,22.11,24.47,25.37,1010,27,1021,771,10000,1.46,88,2,1672531200,1725194081,1725241076,-21600,23.23
84,2023-03-26,cloudy,Partially cloudy,23.92,26.81,28.0,1032,31,1049,760,10000,1.7,105,0,1672531200,1725194081,1725241076,-21600,25.36
85,2023-03-27,cloudy,Partially cloudy,23.99,26.94,26.78,1010,36,1003,726,10000,1.67,104,2,1672531200,1725194081,1725241076,-21600,25.44
86,2023-03-28,cloudy,Partially cloudy,23.75,26.38,27.64,1050,70,1008,751,10000,1.23,86,1,1672531200,1725194081,1725241076,-21600,24.97
87,2023-03-29,Fog,Fog,23.55,26.28,26.76,1040,25,1009,737,10000,1.62,105,0,1672531200,1725194081,1725241076,-21600,24.94
88,2023-03-30,sky,Clear sky,25.45,28.36,29.56,1047,35,1016,747,10000,1.58,94,2,1672531200,1725194081,1725241076,-21600,26.95
89,2023-03-31,cloudy,Partially cloudy,22.44,24.76,24.77,1029,62,1014,775,10000,1.54,96,0,1672531200,1725194081,1725241076,-21600,23.51
90,2023-04-01,Rainy,Rainy,22.5,24.99,25.58,1050,70,1026,728,10000,1.58,91,0,1672531200,1725194081,1725241076,-21600,23.69
91,2023-04-02,cloudy,Partially cloudy,24.22,26.77,26.97,1025,25,1011,731,10000,1.3,92,2,1672531200,1725194081,1725241076,-21600,25.47
92,2023-04-03,clouds,scattered clouds,24.5,27.16,27.66,1017,71,1029,755,10000,1.2,102,2,1672531200,1725194081,1725241076,-21600,25.66
93,2023-04-04,sunny,Mostly sunny,22.48,24.87,26.32,1024,64,1023,738,10000,1.38,98,0,1672531200,1725194081,1725241076,-21600,23.5
94,2023-04-05,sky,Clear sky,22.85,25.08,26.11,1031,41,1007,730,10000,1.47,97,1,1672531200,1725194081,1725241076,-21600,23.98
95,2023-04-06,Rainy,Rainy,24.89,27.7,28.14,1049,45,1047,720,10000,1.7,104,2,1672531200,1725194081,1725241076,-21600,26.22
96,2023-04-07,Sunny,Sunny,23.42,26.0,27.36,1035,41,1009,741,10000,1.63,92,1,1672531200,1725194081,1725241076,-21600,24.72
97,2023-04-08,Storm,Storm,24.35,26.79,27.46,1030,61,1031,726,10000,1.8,101,1,1672531200,1725194081,1725241076,-21600,25.46
98,2023-04-09,cloudy,Partially cloudy,23.22,25.72,26.02,1038,22,1004,778,10000,1.34,92,1,1672531200,1725194081,1725241076,-21600,24.47
99,2023-04-10,Fog,Fog,24.73,27.52,28.39,1012,56,1040,736,10000,1.37,101,0,1672531200,1725194081,1725241076,-21600,26.02
100,2023-04-11,sky,Clear sky,24.91,27.15,28.6,1046,86,1002,750,10000,1.74,92,1,1672531200,1725194081,1725241076,-21600,25.92
101,2023-04-12,Cloudy,Cloudy,24.53,27.01,27.57,1038,89,1024,730,10000,1.39,88,0,1672531200,1725194081,1725241076,-21600,25.67
102,2023-04-13,Sunny,Sunny,23.08,25.32,26.16,1023,20,1018,768,10000,1.2,86,0,1672531200,1725194081,1725241076,-21600,24.32
103,2023-04-14,Sunny,Sunny,22.49,24.97,25.23,1046,30,1021,734,10000,1.8,89,2,1672531200,1725194081,1725241076,-21600,23.61
104,2023-04-15,sunny,Mostly sunny,24.25,26.38,26.9,1015,32,1026,758,10000,1.39,97,0,1672531200,1725194081,1725241076,-21600,25.27
105,2023-04-16,sunny,Mostly sunny,23.37,25.73,26.62,1048,24,1005,757,10000,1.23,101,1,1672531200,1725194081,1725241076,-21600,24.7
106,2023-04-17,cloudy,Partially cloudy,25.09,27.44,27.54,1011,80,1000,763,10000,1.62,96,1,1672531200,1725194081,1725241076,-21600,26.28
107,2023-04-18,cloudy,Partially cloudy,23.44,26.01,27.55,1037,45,1038,740,10000,1.29,85,1,1672531200,1725194081,1725241076,-21600,24.88
108,2023-04-19,clouds,scattered clouds,25.58,28.19,29.76,1010,79,1038,748,10000,1.52,95,2,1672531200,1725194081,1725241076,-21600,26.96
109,2023-04-20,clouds,scattered clouds,23.28,25.72,27.45,1021,53,1025,780,10000,1.22,88,0,1672531200,1725194081,1725241076,-21600,24.71
110,2023-04-21,sunny,Mostly sunny,22.24,24.64,26.32,1043,92,1014,720,10000,1.46,102,2,1672531200,1725194081,1725241076,-21600,23.45
111,2023-04-22,Rainy,Rainy,24.21,26.67,26.59,1048,66,1041,742,10000,1.49,96,0,1672531200,1725194081,1725241076,-21600,25.47
112,2023-04-23,sky,Clear sky,23.65,26.08,27.24,1021,67,1033,762,10000,1.53,104,1,1672531200,1725194081,1725241076,-21600,24.75
113,2023-04-24,Storm,Storm,22.8,25.12,25.74,1035,33,1039,768,10000,1.33,86,0,1672531200,1725194081,1725241076,-21600,23.81
114,2023-04-25,clouds,scattered clouds,22.28,24.84,25.94,1019,51,1006,724,10000,1.33,97,1,1672531200,1725194081,1725241076,-21600,23.36
115,2023-04-26,sky,Clear sky,21.89,24.38,24.83,1031,43,1016,736,10000,1.28,85,1,1672531200,1725194081,1725241076,-21600,23.28
116,2023-04-27,Sunny,Sunny,23.33,26.05,26.86,1039,26,1042,739,10000,1.37,86,0,1672531200,1725194081,1725241076,-21600,24.77
117,2023-04-28,Rainy,Rainy,23.06,25.3,26.81,1018,56,1008,769,10000,1.21,100,0,1672531200,1725194081,1725241076,-21600,24.13
118,2023-04-29,clouds,scattered clouds,22.65,24.88,25.27,1034,40,1043,735,10000,1.75,101,1,1672531200,1725194081,1725241076,-21600,23.68
119,2023-04-30,sky,Clear sky,23.67,26.39,26.86,1043,66,1039,742,10000,1.22,99,1,1672531200,1725194081,1725241076,-21600,24.93
120,2023-05-01,sky,Clear sky,25.14,27.38,28.02,1015,80,1004,739,10000,1.43,101,2,1672531200,1725194081,1725241076,-21600,26.17
121,2023-05-02,Overcast,Overcast,23.33,25.69,27.29,1012,33,1026,759,10000,1.41,91,1,1672531200,1725194081,1725241076,-21600,24.64
122,2023-05-03,cloudy,Partially cloudy,22.14,24.7,26.64,1023,41,1048,738,10000,1.32,99,2,1672531200,1725194081,1725241076,-21600,23.64
123,2023-05-04,Rainy,Rainy,24.64,27.08,28.69,1017,45,1020,771,10000,1.38,101,1,1672531200,1725194081,1725241076,-21600,25.71
124,2023-05-05,Fog,Fog,22.26,24.57,26.03,1047,94,1033,731,10000,1.28,95,0,1672531200,1725194081,1725241076,-21600,23.56
125,2023-05-06,clouds,scattered clouds,24.27,26.59,27.58,1039,69,1003,774,10000,1.74,102,0,1672531200,1725194081,1725241076,-21600,25.54
126,2023-05-07,sky,Clear sky,23.03,25.45,26.08,1041,77,1032,729,10000,1.35,95,0,1672531200,1725194081,1725241076,-21600,24.34
127,2023-05-08,Overcast,Overcast,23.05,25.31,26.17,1046,58,1016,748,10000,1.3,103,1,1672531200,1725194081,1725241076,-21600,24.1
128,2023-05-09,clouds,scattered clouds,22.5,24.79,25.55,1040,29,1044,745,10000,1.72,104,0,1672531200,1725194081,1725241076,-21600,23.51
129,2023-05-10,Overcast,Overcast,24.1,26.24,27.06,1015,93,1036,747,10000,1.45,90,1,1672531200,1725194081,1725241076,-21600,25.11
130,2023-05-11,Sunny,Sunny,24.4,26.47,27.67,1045,70,1044,753,10000,1.29,93,2,1672531200,1725194081,1725241076,-21600,25.42
131,2023-05-12,Fog,Fog,23.13,25.98,27.0,1021,26,1003,777,10000,1.33,101,1,1672531200,1725194081,1725241076,-21600,24.57
132,2023-05-13,sky,Clear sky,24.41,27.32,27.01,1014,37,1016,778,10000,1.5,90,2,1672531200,1725194081,1725241076,-21600,25.88
133,2023-05-14,cloudy,Partially cloudy,22.49,25.41,25.78,1035,48,1032,727,10000,1.31,103,2,1672531200,1725194081,1725241076,-21600,23.92
134,2023-05-15,sky,Clear sky,21.9,24.45,24.95,1031,40,1023,762,10000,1.25,88,0,1672531200,1725194081,1725241076,-21600,23.24
135,2023-05-16,Overcast,Overcast,25.62,27.65,28.13,1032,90,1005,754,10000,1.75,96,1,1672531200,1725194081,1725241076,-21600,26.64
136,2023-05-17,Storm,Storm,25.4,27.72,28.36,1047,85,1033,764,10000,1.65,96,1,1672531200,1725194081,1725241076,-21600,26.56
137,2023-05-18,Rainy,Rainy,22.52,24.94,25.28,1044,61,1026,720,10000,1.62,105,0,1672531200,1725194081,1725241076,-21600,23.67
138,2023-05-19,Overcast,Overcast,25.42,28.06,27.81,1020,79,1030,761,10000,1.43,104,0,1672531200,1725194081,1725241076,-21600,26.66
139,2023-05-20,Overcast,Overcast,21.66,24.56,25.01,1019,50,1031,768,10000,1.47,96,2,1672531200,1725194081,1725241076,-21600,23.06
140,2023-05-21,Fog,Fog,23.87,26.26,27.59,1042,64,1009,728,10000,1.77,87,0,1672531200,1725194081,1725241076,-21600,25.15
141,2023-05-22,Fog,Fog,22.14,24.68,25.53,1031,71,1048,765,10000,1.74,99,0,1672531200,1725194081,1725241076,-21600,23.55
142,2023-05-23,cloudy,Partially cloudy,25.26,27.81,28.17,1036,23,1039,740,10000,1.79,101,2,1672531200,1725194081,1725241076,-21600,26.33
143,2023-05-24,Sunny,Sunny,21.93,24.36,24.72,1046,48,1014,722,10000,1.78,88,0,1672531200,1725194081,1725241076,-21600,23.0
144,2023-05-25,Storm,Storm,22.05,24.79,24.69,1034,50,1021,773,10000,1.7,101,2,1672531200,1725194081,1725241076,-21600,23.48
145,2023-05-26,Fog,Fog,22.88,25.48,26.77,1041,52,1027,756,10000,1.63,105,1,1672531200,1725194081,1725241076,-21600,24.35
146,2023-05-27,Storm,Storm,24.76,27.42,28.14,1043,44,1029,778,10000,1.22,86,2,1672531200,1725194081,1725241076,-21600,26.19
147,2023-05-28,Sunny,Sunny,22.18,25.02,25.79,1017,47,1046,725,10000,1.51,96,1,1672531200,1725194081,1725241076,-21600,23.68
148,2023-05-29,Cloudy,Cloudy,25.09,27.62,28.92,1041,81,1043,737,10000,1.53,85,2,1672531200,1725194081,1725241076,-21600,26.55
149,2023-05-30,sunny,Mostly sunny,23.75,26.0,27.54,1041,67,1033,778,10000,1.64,96,2,1672531200,1725194081,1725241076,-21600,24.98
150,2023-05-31,Overcast,Overcast,24.09,26.93,27.13,1025,74,1002,775,10000,1.74,91,0,1672531200,1725194081,1725241076,-21600,25.57
151,2023-06-01,Storm,Storm,24.69,26.84,28.05,1010,80,1021,747,10000,1.27,100,0,1672531200,1725194081,1725241076,-21600,25.8
152,2023-06-02,clouds,scattered clouds,24.14,26.46,27.18,1014,66,1035,774,10000,1.43,92,1,1672531200,1725194081,1725241076,-21600,25.46
153,2023-06-03,cloudy,Partially cloudy,22.62,24.98,24.96,1014,93,1042,774,10000,1.46,100,1,1672531200,1725194081,1725241076,-21600,23.88
154,2023-06-04,Storm,Storm,24.58,27.19,26.96,1022,87,1024,746,10000,1.25,94,1,1672531200,1725194081,1725241076,-21600,25.74
155,2023-06-05,Sunny,Sunny,22.59,25.23,25.87,1010,82,1041,762,10000,1.23,98,2,1672531200,1725194081,1725241076,-21600,24.09
156,2023-06-06,cloudy,Partially cloudy,25.32,27.62,28.74,1043,55,1027,749,10000,1.37,85,1,1672531200,1725194081,1725241076,-21600,26.49
157,2023-06-07,Rainy,Rainy,24.33,26.99,28.15,1040,45,1021,761,10000,1.79,85,0,1672531200,1725194081,1725241076,-21600,25.82
158,2023-06-08,cloudy,Partially cloudy,24.56,26.88,27.13,1023,72,1045,759,10000,1.71,94,0,1672531200,1725194081,1725241076,-21600,25.75
159,2023-06-09,Sunny,Sunny,24.78,27.04,28.07,1050,44,1002,767,10000,1.49,97,0,1672531200,1725194081,1725241076,-21600,25.9
160,2023-06-10,Storm,Storm,24.64,27.18,28.69,1044,77,1009,777,10000,1.79,96,0,1672531200,1725194081,1725241076,-21600,25.79
161,2023-06-11,sky,Clear sky,22.44,24.98,26.29,1022,90,1044,747,10000,1.24,102,2,1672531200,1725194081,1725241076,-21600,23.57
162,2023-06-12,Storm,Storm,25.77,28.22,28.35,1039,39,1038,763,10000,1.76,97,1,1672531200,1725194081,1725241076,-21600,26.96
163,2023-06-13,sky,Clear sky,25.54,27.67,28.56,1017,25,1040,769,10000,1.5,98,1,1672531200,1725194081,1725241076,-21600,26.58
164,2023-06-14,Sunny,Sunny,24.13,26.84,27.63,1012,70,1026,743,10000,1.32,87,0,1672531200,1725194081,1725241076,-21600,25.52
165,2023-06-15,cloudy,Partially cloudy,24.85,27.3,28.53,1042,76,1008,756,10000,1.63,105,2,1672531200,1725194081,1725241076,-21600,26.14
166,2023-06-16,sunny,Mostly sunny,24.14,26.82,27.48,1012,25,1015,725,10000,1.22,98,0,1672531200,1725194081,1725241076,-21600,25.36
167,2023-06-17,sunny,Mostly sunny,23.48,26.06,27.26,1039,49,1048,780,10000,1.56,102,0,1672531200,1725194081,1725241076,-21600,24.83
168,2023-06-18,Rainy,Rainy,22.38,24.8,26.38,1037,63,1016,744,10000,1.23,90,1,1672531200,1725194081,1725241076,-21600,23.67
169,2023-06-19,Rainy,Rainy,23.27,25.39,25.7,1040,77,1031,734,10000,1.36,88,1,1672531200,1725194081,1725241076,-21600,24.3
170,2023-06-20,sky,Clear sky,23.48,26.09,25.92,1021,25,1007,724,10000,1.31,99,0,1672531200,1725194081,1725241076,-21600,24.61
171,2023-06-21,Cloudy,Cloudy,24.34,26.64,28.36,1029,31,1003,774,10000,1.57,102,0,1672531200,1725194081,1725241076,-21600,25.49
172,2023-06-22,sunny,Mostly sunny,25.17,27.41,27.96,1032,20,1046,759,10000,1.73,95,2,1672531200,1725194081,1725241076,-21600,26.2
173,2023-06-23,sky,Clear sky,25.79,27.99,28.25,1012,60,1040,735,10000,1.35,93,2,1672531200,1725194081,1725241076,-21600,26.81
174,2023-06-24,Sunny,Sunny,22.85,25.79,26.38,1043,89,1007,748,10000,1.23,96,0,1672531200,1725194081,1725241076,-21600,24.3
175,2023-06-25,Cloudy,Cloudy,25.29,27.49,29.06,1043,30,1032,772,10000,1.5,97,2,1672531200,1725194081,1725241076,-21600,26.36
176,2023-06-26,clouds,scattered clouds,25.33,27.76,28.96,1020,33,1048,728,10000,1.41,102,1,1672531200,1725194081,1725241076,-21600,26.61
177,2023-06-27,Cloudy,Cloudy,25.02,27.14,29.07,1024,45,1006,756,10000,1.36,95,0,1672531200,1725194081,1725241076,-21600,26.1
178,2023-06-28,Overcast,Overcast,22.47,24.6,25.99,1050,23,1022,735,10000,1.27,85,1,1672531200,1725194081,1725241076,-21600,23.47
179,2023-06-29,Overcast,Overcast,23.81,26.64,27.17,1024,53,1018,779,10000,1.26,96,1,1672531200,1725194081,1725241076,-21600,25.28
180,2023-06-30,Cloudy,Cloudy,23.99,26.56,28.06,1035,68,1044,753,10000,1.48,88,1,1672531200,1725194081,1725241076,-21600,25.45
181,2023-07-01,Rainy,Rainy,23.2,25.63,26.15,1040,63,1035,737,10000,1.33,99,2,1672531200,1725194081,1725241076,-21600,24.54
182,2023-07-02,Cloudy,Cloudy,21.78,24.21,25.36,1025,42,1015,747,10000,1.57,104,1,1672531200,1725194081,1725241076,-21600,23.04
183,2023-07-03,Cloudy,Cloudy,24.85,27.59,27.23,1026,83,1001,738,10000,1.74,98,0,1672531200,1725194081,1725241076,-21600,26.12
184,2023-07-04,Rainy,Rainy,23.53,25.98,25.68,1019,32,1029,738,10000,1.62,96,1,1672531200,1725194081,1725241076,-21600,24.59
185,2023-07-05,Rainy,Rainy,22.2,25.11,25.29,1035,24,1017,771,10000,1.55,97,2,1672531200,1725194081,1725241076,-21600,23.61
186,2023-07-06,cloudy,Partially cloudy,24.47,27.18,27.89,1027,27,1005,762,10000,1.42,95,0,1672531200,1725194081,1725241076,-21600,25.68
187,2023-07-07,Rainy,Rainy,22.27,24.86,25.64,1026,58,1018,755,10000,1.79,91,1,1672531200,1725194081,1725241076,-21600,23.48
188,2023-07-08,Cloudy,Cloudy,23.9,26.6,26.68,1025,76,1035,771,10000,1.45,94,2,1672531200,1725194081,1725241076,-21600,25.1
189,2023-07-09,Overcast,Overcast,23.21,26.09,25.97,1046,58,1001,739,10000,1.36,94,1,1672531200,1725194081,1725241076,-21600,24.65
190,2023-07-10,clouds,scattered clouds,24.08,26.48,26.58,1043,47,1027,746,10000,1.27,86,0,1672531200,1725194081,1725241076,-21600,25.26
191,2023-07-11,cloudy,Partially cloudy,23.84,26.26,27.72,1019,43,1018,743,10000,1.8,103,2,1672531200,1725194081,1725241076,-21600,25.21
192,2023-07-12,sunny,Mostly sunny,23.68,26.34,27.72,1017,89,1028,731,10000,1.24,102,2,1672531200,1725194081,1725241076,-21600,25.1
193,2023-07-13,sky,Clear sky,25.0,27.68,28.42,1017,38,1046,763,10000,1.61,96,1,1672531200,1725194081,1725241076,-21600,26.4
194,2023-07-14,cloudy,Partially cloudy,21.89,24.38,25.55,1042,91,1029,733,10000,1.71,92,0,1672531200,1725194081,1725241076,-21600,23.31
195,2023-07-15,Cloudy,Cloudy,24.16,26.48,27.0,1022,55,1019,768,10000,1.78,104,2,1672531200,1725194081,1725241076,-21600,25.21
196,2023-07-16,sunny,Mostly sunny,25.09,27.54,28.13,1022,70,1010,770,10000,1.43,100,2,1672531200,1725194081,1725241076,-21600,26.36
197,2023-07-17,Sunny,Sunny,23.8,26.3,28.1,1045,55,1022,765,10000,1.26,85,2,1672531200,1725194081,1725241076,-21600,25.26
198,2023-07-18,Rainy,Rainy,21.78,24.58,25.04,1028,71,1020,760,10000,1.38,86,2,1672531200,1725194081,1725241076,-21600,23.14
199,2023-07-19,sunny,Mostly sunny,22.24,24.6,24.48,1017,63,1047,730,10000,1.72,94,2,1672531200,1725194081,1725241076,-21600,23.33
200,2023-07-20,Cloudy,Cloudy,24.62,26.93,27.83,1039,52,1041,741,10000,1.78,91,0,1672531200,1725194081,1725241076,-21600,25.85
201,2023-07-21,cloudy,Partially cloudy,25.06,27.94,28.49,1042,39,1048,773,10000,1.64,96,0,1672531200,1725194081,1725241076,-21600,26.56
202,2023-07-22,sky,Clear sky,21.72,24.36,24.71,1049,40,1002,725,10000,1.79,101,0,1672531200,1725194081,1725241076,-21600,23.18
203,2023-07-23,sky,Clear sky,21.78,24.41,25.35,1045,88,1036,771,10000,1.48,96,1,1672531200,1725194081,1725241076,-21600,23.01
204,2023-07-24,Fog,Fog,25.6,27.99,29.31,1030,35,1028,772,10000,1.63,97,1,1672531200,1725194081,1725241076,-21600,26.62
205,2023-07-25,Sunny,Sunny,22.48,25.02,26.44,1045,80,1008,763,10000,1.5,92,0,1672531200,1725194081,1725241076,-21600,23.7
206,2023-07-26,sunny,Mostly sunny,21.97,24.62,25.92,1050,45,1028,728,10000,1.73,102,2,1672531200,1725194081,1725241076,-21600,23.12
207,2023-07-27,Overcast,Overcast,23.8,25.83,26.58,1014,35,1038,751,10000,1.29,89,0,1672531200,1725194081,1725241076,-21600,24.81
208,2023-07-28,Rainy,Rainy,25.03,27.5,29.06,1012,81,1032,746,10000,1.61,86,0,1672531200,1725194081,1725241076,-21600,26.11
209,2023-07-29,Sunny,Sunny,23.03,25.56,27.27,1019,53,1031,728,10000,1.4,96,2,1672531200,1725194081,1725241076,-21600,24.5
210,2023-07-30,clouds,scattered clouds,23.44,25.83,27.55,1038,35,1030,755,10000,1.54,100,1,1672531200,1725194081,1725241076,-21600,24.72
211,2023-07-31,Rainy,Rainy,22.32,24.98,26.15,1027,77,1008,727,10000,1.33,93,1,1672531200,1725194081,1725241076,-21600,23.64
212,2023-08-01,Fog,Fog,25.65,28.26,29.41,1018,60,1036,735,10000,1.55,96,2,1672531200,1725194081,1725241076,-21600,26.91
213,2023-08-02,Storm,Storm,24.32,26.88,28.7,1013,75,1042,742,10000,1.65,105,2,1672531200,1725194081,1725241076,-21600,25.82
214,2023-08-03,sky,Clear sky,22.02,24.63,25.24,1039,28,1025,751,10000,1.65,93,1,1672531200,1725194081,1725241076,-21600,23.28
215,2023-08-04,cloudy,Partially cloudy,23.94,26.18,27.75,1050,55,1037,725,10000,1.36,105,2,1672531200,1725194081,1725241076,-21600,25.0
216,2023-08-05,Cloudy,Cloudy,23.16,25.74,25.87,1044,22,1005,750,10000,1.28,103,1,1672531200,1725194081,1725241076,-21600,24.42
217,2023-08-06,Sunny,Sunny,22.16,24.95,26.22,1016,55,1010,736,10000,1.43,96,2,1672531200,1725194081,1725241076,-21600,23.51
218,2023-08-07,sky,Clear sky,23.38,25.72,26.08,1041,64,1002,725,10000,1.22,105,2,1672531200,1725194081,1725241076,-21600,24.68
219,2023-08-08,Sunny,Sunny,22.07,24.42,25.72,1018,23,1036,761,10000,1.43,99,1,1672531200,1725194081,1725241076,-21600,23.13
220,2023-08-09,sunny,Mostly sunny,24.23,26.91,27.1,1020,46,1010,762,10000,1.54,90,1,1672531200,1725194081,1725241076,-21600,25.42
221,2023-08-10,sunny,Mostly sunny,23.7,26.37,27.19,1030,55,1022,764,10000,1.4,87,0,1672531200,1725194081,1725241076,-21600,25.12
222,2023-08-11,cloudy,Partially cloudy,23.45,25.56,26.46,1021,70,1003,773,10000,1.43,104,0,1672531200,1725194081,1725241076,-21600,24.5
223,2023-08-12,sky,Clear sky,24.78,26.98,26.93,1045,44,1023,774,10000,1.56,98,0,1672531200,1725194081,1725241076,-21600,25.86
224,2023-08-13,Storm,Storm,24.7,27.38,29.08,1048,71,1000,777,10000,1.54,98,0,1672531200,1725194081,1725241076,-21600,26.2
225,2023-08-14,Overcast,Overcast,21.71,24.22,24.65,1028,93,1035,749,10000,1.78,94,1,1672531200,1725194081,1725241076,-21600,23.0
226,2023-08-15,sunny,Mostly sunny,23.84,26.8,26.61,1024,56,1019,720,10000,1.64,100,0,1672531200,1725194081,1725241076,-21600,25.3
227,2023-08-16,Fog,Fog,23.54,26.12,25.86,1025,29,1042,722,10000,1.6,92,0,1672531200,1725194081,1725241076,-21600,24.8
228,2023-08-17,Overcast,Overcast,25.51,27.74,29.37,1032,28,1010,732,10000,1.48,92,0,1672531200,1725194081,1725241076,-21600,26.55
229,2023-08-18,Cloudy,Cloudy,25.68,27.88,29.69,1049,27,1002,721,10000,1.22,105,0,1672531200,1725194081,1725241076,-21600,26.83
230,2023-08-19,Overcast,Overcast,23.25,26.18,26.01,1012,26,1034,740,10000,1.56,91,0,1672531200,1725194081,1725241076,-21600,24.7
231,2023-08-20,Fog,Fog,24.56,27.35,27.96,1045,89,1047,776,10000,1.6,95,0,1672531200,1725194081,1725241076,-21600,25.92
232,2023-08-21,Overcast,Overcast,24.28,26.45,27.48,1027,76,1025,723,10000,1.32,96,2,1672531200,1725194081,1725241076,-21600,25.32
233,2023-08-22,sky,Clear sky,22.2,24.61,26.02,1014,27,1027,756,10000,1.46,102,2,1672531200,1725194081,1725241076,-21600,23.25
234,2023-08-23,Cloudy,Cloudy,22.5,24.9,25.43,1027,29,1049,722,10000,1.23,88,2,1672531200,1725194081,1725241076,-21600,23.78
235,2023-08-24,Storm,Storm,22.8,25.78,26.13,1047,57,1003,760,10000,1.71,94,0,1672531200,1725194081,1725241076,-21600,24.28
236,2023-08-25,Storm,Storm,25.18,27.43,29.0,1016,74,1018,752,10000,1.3,96,0,1672531200,1725194081,1725241076,-21600,26.23
237,2023-08-26,sunny,Mostly sunny,22.68,24.83,26.73,1045,91,1013,771,10000,1.57,90,1,1672531200,1725194081,1725241076,-21600,23.77
238,2023-08-27,Overcast,Overcast,24.27,26.86,26.54,1039,36,1001,742,10000,1.33,99,0,1672531200,1725194081,1725241076,-21600,25.37
239,2023-08-28,Storm,Storm,25.63,28.09,29.24,1024,84,1020,774,10000,1.26,96,0,1672531200,1725194081,1725241076,-21600,26.95
240,2023-08-29,sky,Clear sky,22.64,25.02,25.58,1050,73,1026,778,10000,1.26,104,0,1672531200,1725194081,1725241076,-21600,23.81
241,2023-08-30,Rainy,Rainy,24.72,27.19,27.93,1047,65,1001,746,10000,1.67,95,1,1672531200,1725194081,1725241076,-21600,25.76
242,2023-08-31,Fog,Fog,23.14,25.47,25.76,1042,85,1020,734,10000,1.5,98,0,1672531200,1725194081,1725241076,-21600,24.27
243,2023-09-01,Sunny,Sunny,25.57,28.07,29.11,1020,74,1020,769,10000,1.37,99,0,1672531200,1725194081,1725241076,-21600,26.65
244,2023-09-02,cloudy,Partially cloudy,24.6,27.26,28.7,1014,85,1024,732,10000,1.7,105,1,1672531200,1725194081,1725241076,-21600,25.93
245,2023-09-03,clouds,scattered clouds,22.79,25.42,25.81,1017,36,1023,759,10000,1.32,91,2,1672531200,1725194081,1725241076,-21600,23.95
246,2023-09-04,sunny,Mostly sunny,24.57,27.0,27.68,1017,57,1000,772,10000,1.77,90,1,1672531200,1725194081,1725241076,-21600,25.68
247,2023-09-05,Cloudy,Cloudy,25.49,27.96,28.44,1027,32,1031,757,10000,1.22,102,1,1672531200,1725194081,1725241076,-21600,26.72
248,2023-09-06,Cloudy,Cloudy,22.15,24.67,25.35,1044,64,1012,760,10000,1.5,102,0,1672531200,1725194081,1725241076,-21600,23.57
249,2023-09-07,sunny,Mostly sunny,23.44,26.09,25.91,1041,42,1035,723,10000,1.69,96,2,1672531200,1725194081,1725241076,-21600,24.8
250,2023-09-08,Rainy,Rainy,22.0,24.66,25.75,1040,44,1017,748,10000,1.22,94,2,1672531200,1725194081,1725241076,-21600,23.31
251,2023-09-09,sunny,Mostly sunny,24.84,27.31,27.37,1020,53,1024,779,10000,1.34,89,1,1672531200,1725194081,1725241076,-21600,25.87
252,2023-09-10,Overcast,Overcast,24.73,26.97,27.3,1019,86,1033,776,10000,1.47,103,2,1672531200,1725194081,1725241076,-21600,25.95
253,2023-09-11,Rainy,Rainy,23.9,26.46,26.45,1038,46,1036,730,10000,1.42,91,0,1672531200,1725194081,1725241076,-21600,25.05
254,2023-09-12,Cloudy,Cloudy,24.76,26.81,28.35,1012,63,1043,760,10000,1.35,101,0,1672531200,1725194081,1725241076,-21600,25.77
255,2023-09-13,cloudy,Partially cloudy,22.31,25.14,26.35,1011,37,1006,766,10000,1.52,97,2,1672531200,1725194081,1725241076,-21600,23.75
256,2023-09-14,Sunny,Sunny,23.94,26.38,26.58,1027,89,1023,737,10000,1.64,100,0,1672531200,1725194081,1725241076,-21600,25.03
257,2023-09-15,Rainy,Rainy,24.52,27.03,28.49,1031,95,1047,730,10000,1.24,99,0,1672531200,1725194081,1725241076,-21600,25.68
258,2023-09-16,clouds,scattered clouds,22.15,25.02,24.63,1035,52,1007,725,10000,1.63,101,2,1672531200,1725194081,1725241076,-21600,23.61
259,2023-09-17,Cloudy,Cloudy,22.75,25.57,26.67,1022,45,1040,746,10000,1.57,104,1,1672531200,1725194081,1725241076,-21600,24.13
260,2023-09-18,sky,Clear sky,24.59,27.4,28.11,1041,27,1015,776,10000,1.7,85,1,1672531200,1725194081,1725241076,-21600,25.99
261,2023-09-19,cloudy,Partially cloudy,24.52,27.29,28.49,1035,40,1016,738,10000,1.8,95,2,1672531200,1725194081,1725241076,-21600,25.83
262,2023-09-20,Overcast,Overcast,25.78,27.87,28.03,1011,52,1027,748,10000,1.32,93,2,1672531200,1725194081,1725241076,-21600,26.8
263,2023-09-21,Cloudy,Cloudy,22.36,24.78,25.05,1028,50,1046,773,10000,1.44,98,0,1672531200,1725194081,1725241076,-21600,23.55
264,2023-09-22,sunny,Mostly sunny,22.71,25.55,25.21,1034,36,1050,723,10000,1.44,87,0,1672531200,1725194081,1725241076,-21600,24.06
265,2023-09-23,Cloudy,Cloudy,24.65,27.0,28.61,1036,50,1049,747,10000,1.25,86,0,1672531200,1725194081,1725241076,-21600,25.74
266,2023-09-24,Overcast,Overcast,22.01,24.32,24.2,1032,84,1013,741,10000,1.48,105,1,1672531200,1725194081,1725241076,-21600,23.09
267,2023-09-25,Overcast,Overcast,24.39,27.24,28.36,1024,85,1012,726,10000,1.32,101,0,1672531200,1725194081,1725241076,-21600,25.74
268,2023-09-26,Overcast,Overcast,24.63,27.09,28.18,1011,69,1021,734,10000,1.8,93,2,1672531200,1725194081,1725241076,-21600,26.02
269,2023-09-27,Storm,Storm,24.16,26.44,26.87,1030,90,1024,774,10000,1.23,104,1,1672531200,1725194081,1725241076,-21600,25.31
270,2023-09-28,Cloudy,Cloudy,21.77,24.2,24.96,1028,77,1030,769,10000,1.33,98,1,1672531200,1725194081,1725241076,-21600,23.09
271,2023-09-29,sky,Clear sky,24.73,27.06,26.77,1031,37,1018,762,10000,1.61,90,2,1672531200,1725194081,1725241076,-21600,25.75
272,2023-09-30,cloudy,Partially cloudy,24.29,26.78,27.68,1045,81,1033,754,10000,1.36,88,2,1672531200,1725194081,1725241076,-21600,25.61
273,2023-10-01,Storm,Storm,25.07,27.62,28.79,1030,77,1000,775,10000,1.76,104,1,1672531200,1725194081,1725241076,-21600,26.15
274,2023-10-02,clouds,scattered clouds,25.75,27.87,28.7,1030,54,1023,724,10000,1.3,85,0,1672531200,1725194081,1725241076,-21600,26.84
275,2023-10-03,clouds,scattered clouds,24.44,26.7,26.97,1013,82,1007,725,10000,1.51,85,1,1672531200,1725194081,1725241076,-21600,25.5
276,2023-10-04,sky,Clear sky,23.2,25.3,26.49,1047,54,1020,731,10000,1.48,96,0,1672531200,1725194081,1725241076,-21600,24.3
277,2023-10-05,sunny,Mostly sunny,25.1,27.48,28.62,1021,88,1023,728,10000,1.39,97,0,1672531200,1725194081,1725241076,-21600,26.14
278,2023-10-06,Storm,Storm,24.11,26.52,27.0,1029,46,1046,733,10000,1.69,88,0,1672531200,1725194081,1725241076,-21600,25.25
279,2023-10-07,Overcast,Overcast,22.09,24.27,25.22,1039,66,1042,779,10000,1.79,91,0,1672531200,1725194081,1725241076,-21600,23.18
280,2023-10-08,sunny,Mostly sunny,23.55,26.18,26.13,1026,63,1025,773,10000,1.28,87,1,1672531200,1725194081,1725241076,-21600,24.78
281,2023-10-09,Fog,Fog,22.76,25.29,27.1,1031,56,1034,720,10000,1.22,90,0,1672531200,1725194081,1725241076,-21600,24.11
282,2023-10-10,Cloudy,Cloudy,22.16,24.37,25.54,1010,88,1036,767,10000,1.62,94,2,1672531200,1725194081,1725241076,-21600,23.36
283,2023-10-11,clouds,scattered clouds,22.09,24.34,24.63,1029,45,1017,778,10000,1.45,102,2,1672531200,1725194081,1725241076,-21600,23.16
284,2023-10-12,Storm,Storm,22.34,24.61,26.27,1047,68,1019,766,10000,1.22,100,1,1672531200,1725194081,1725241076,-21600,23.52
285,2023-10-13,cloudy,Partially cloudy,23.53,25.82,27.3,1027,43,1022,724,10000,1.41,95,0,1672531200,1725194081,1725241076,-21600,24.68
286,2023-10-14,clouds,scattered clouds,24.24,27.1,27.64,1036,74,1009,732,10000,1.23,92,0,1672531200,1725194081,1725241076,-21600,25.72
287,2023-10-15,clouds,scattered clouds,21.89,24.42,25.5,1036,32,1018,758,10000,1.33,92,2,1672531200,1725194081,1725241076,-21600,23.2
288,2023-10-16,Fog,Fog,23.75,26.43,26.18,1018,73,1032,768,10000,1.5,101,2,1672531200,1725194081,1725241076,-21600,25.03
289,2023-10-17,Storm,Storm,24.39,26.91,27.32,1029,35,1010,759,10000,1.65,96,2,1672531200,1725194081,1725241076,-21600,25.62
290,2023-10-18,Overcast,Overcast,24.14,26.77,27.6,1016,30,1022,768,10000,1.43,85,1,1672531200,1725194081,1725241076,-21600,25.55
291,2023-10-19,Rainy,Rainy,23.14,25.76,27.2,1045,45,1014,731,10000,1.2,98,0,1672531200,1725194081,1725241076,-21600,24.46
292,2023-10-20,Fog,Fog,22.08,24.55,25.35,1046,42,1048,727,10000,1.33,105,0,1672531200,1725194081,1725241076,-21600,23.25
293,2023-10-21,cloudy,Partially cloudy,25.78,28.01,29.75,1033,32,1014,733,10000,1.79,93,1,1672531200,1725194081,1725241076,-21600,26.81
294,2023-10-22,clouds,scattered clouds,22.09,25.0,24.67,1036,87,1007,723,10000,1.65,97,0,1672531200,1725194081,1725241076,-21600,23.5
295,2023-10-23,sunny,Mostly sunny,22.18,24.49,25.01,1019,57,1019,744,10000,1.39,88,0,1672531200,1725194081,1725241076,-21600,23.41
296,2023-10-24,Fog,Fog,22.35,25.15,25.54,1019,52,1017,775,10000,1.68,97,1,1672531200,1725194081,1725241076,-21600,23.84
297,2023-10-25,sunny,Mostly sunny,24.31,26.67,26.71,1033,74,1012,777,10000,1.28,100,0,1672531200,1725194081,1725241076,-21600,25.67
298,2023-10-26,Cloudy,Cloudy,25.29,28.05,28.77,1042,61,1013,720,10000,1.59,86,1,1672531200,1725194081,1725241076,-21600,26.68
299,2023-10-27,sunny,Mostly sunny,24.9,27.03,27.61,1013,85,1047,741,10000,1.48,94,1,1672531200,1725194081,1725241076,-21600,25.95
300,2023-10-28,Sunny,Sunny,24.56,27.36,28.69,1021,91,1012,758,10000,1.46,99,2,1672531200,1725194081,1725241076,-21600,25.86
301,2023-10-29,cloudy,Partially cloudy,23.22,25.88,27.32,1025,69,1010,769,10000,1.5,105,1,1672531200,1725194081,1725241076,-21600,24.4
302,2023-10-30,sky,Clear sky,23.92,26.6,27.16,1021,42,1033,749,10000,1.42,85,0,1672531200,1725194081,1725241076,-21600,25.26
303,2023-10-31,sky,Clear sky,23.39,26.02,26.58,1013,53,1014,780,10000,1.75,90,0,1672531200,1725194081,1725241076,-21600,24.79
304,2023-11-01,Rainy,Rainy,24.04,26.81,28.08,1048,88,1035,775,10000,1.23,96,0,1672531200,1725194081,1725241076,-21600,25.41
305,2023-11-02,cloudy,Partially cloudy,24.58,26.96,27.02,1032,88,1020,729,10000,1.78,98,0,1672531200,1725194081,1725241076,-21600,25.74
306,2023-11-03,Rainy,Rainy,22.48,24.81,25.23,1028,93,1022,749,10000,1.53,102,2,1672531200,1725194081,1725241076,-21600,23.55
307,2023-11-04,Cloudy,Cloudy,25.08,27.78,28.32,1029,55,1040,722,10000,1.77,85,0,1672531200,1725194081,1725241076,-21600,26.54
308,2023-11-05,sky,Clear sky,23.21,26.06,26.93,1021,91,1021,755,10000,1.49,101,2,1672531200,1725194081,1725241076,-21600,24.58
309,2023-11-06,clouds,scattered clouds,22.73,25.12,25.61,1045,24,1037,722,10000,1.72,92,0,1672531200,1725194081,1725241076,-21600,23.94
310,2023-11-07,Rainy,Rainy,23.57,25.65,25.99,1029,51,1013,730,10000,1.78,90,1,1672531200,1725194081,1725241076,-21600,24.6
311,2023-11-08,clouds,scattered clouds,22.51,24.69,24.97,1025,56,1025,748,10000,1.38,85,2,1672531200,1725194081,1725241076,-21600,23.53
312,2023-11-09,Storm,Storm,23.07,25.35,25.77,1019,75,1031,766,10000,1.33,97,1,1672531200,1725194081,1725241076,-21600,24.34
313,2023-11-10,sunny,Mostly sunny,21.89,24.69,25.57,1025,73,1047,770,10000,1.23,91,2,1672531200,1725194081,1725241076,-21600,23.35
314,2023-11-11,sunny,Mostly sunny,24.81,27.58,28.28,1043,66,1008,721,10000,1.4,105,2,1672531200,1725194081,1725241076,-21600,26.12
315,2023-11-12,sky,Clear sky,24.66,26.93,28.5,1011,64,1005,771,10000,1.49,93,1,1672531200,1725194081,1725241076,-21600,25.72
316,2023-11-13,cloudy,Partially cloudy,22.99,25.67,26.6,1026,22,1000,735,10000,1.76,99,1,1672531200,1725194081,1725241076,-21600,24.45
317,2023-11-14,Rainy,Rainy,23.11,25.86,27.32,1047,84,1012,775,10000,1.53,91,2,1672531200,1725194081,1725241076,-21600,24.54
318,2023-11-15,Overcast,Overcast,24.79,27.35,28.69,1017,94,1021,753,10000,1.4,88,2,1672531200,1725194081,1725241076,-21600,26.2
319,2023-11-16,sky,Clear sky,22.35,24.64,26.35,1017,95,1042,754,10000,1.46,93,2,1672531200,1725194081,1725241076,-21600,23.4
320,2023-11-17,cloudy,Partially cloudy,24.38,27.03,27.1,1019,20,1003,761,10000,1.63,100,1,1672531200,1725194081,1725241076,-21600,25.69
321,2023-11-18,sunny,Mostly sunny,22.19,25.08,24.88,1015,40,1042,758,10000,1.35,85,1,1672531200,1725194081,1725241076,-21600,23.6
322,2023-11-19,Overcast,Overcast,24.34,27.04,28.46,1011,20,1049,726,10000,1.56,95,1,1672531200,1725194081,1725241076,-21600,25.66
323,2023-11-20,Sunny,Sunny,23.09,25.58,26.95,1049,32,1050,779,10000,1.74,85,0,1672531200,1725194081,1725241076,-21600,24.58
324,2023-11-21,Rainy,Rainy,21.9,24.72,25.71,1044,32,1032,759,10000,1.41,96,0,1672531200,1725194081,1725241076,-21600,23.38
325,2023-11-22,Overcast,Overcast,25.57,28.07,27.74,1048,89,1031,768,10000,1.43,98,1,1672531200,1725194081,1725241076,-21600,26.58
326,2023-11-23,Fog,Fog,23.59,25.97,26.15,1050,93,1039,750,10000,1.24,103,1,1672531200,1725194081,1725241076,-21600,24.9
327,2023-11-24,Storm,Storm,24.02,26.72,27.88,1042,62,1044,766,10000,1.57,95,0,1672531200,1725194081,1725241076,-21600,25.28
328,2023-11-25,Cloudy,Cloudy,25.84,28.14,29.68,1033,83,1027,763,10000,1.72,97,2,1672531200,1725194081,1725241076,-21600,26.94
329,2023-11-26,Storm,Storm,24.8,27.08,28.51,1010,65,1030,722,10000,1.39,86,1,1672531200,1725194081,1725241076,-21600,25.97
330,2023-11-27,Cloudy,Cloudy,23.67,26.29,27.83,1020,79,1006,731,10000,1.41,101,1,1672531200,1725194081,1725241076,-21600,25.1
331,2023-11-28,clouds,scattered clouds,25.45,28.16,28.57,1033,71,1039,766,10000,1.77,98,0,1672531200,1725194081,1725241076,-21600,26.82
332,2023-11-29,sky,Clear sky,23.25,25.36,26.9,1032,63,1006,725,10000,1.63,93,0,1672531200,1725194081,1725241076,-21600,24.36
333,2023-11-30,Storm,Storm,25.58,27.98,28.51,1035,80,1030,746,10000,1.28,90,0,1672531200,1725194081,1725241076,-21600,26.83
334,2023-12-01,Cloudy,Cloudy,25.28,27.78,29.17,1016,40,1012,751,10000,1.33,89,0,1672531200,1725194081,1725241076,-21600,26.46
335,2023-12-02,cloudy,Partially cloudy,24.06,26.76,27.41,1044,78,1050,759,10000,1.72,104,2,1672531200,1725194081,1725241076,-21600,25.34
336,2023-12-03,Storm,Storm,22.97,25.4,25.71,1047,66,1032,764,10000,1.76,86,2,1672531200,1725194081,1725241076,-21600,24.01
337,2023-12-04,sky,Clear sky,21.66,24.46,24.44,1043,71,1032,759,10000,1.32,86,0,1672531200,1725194081,1725241076,-21600,23.07
338,2023-12-05,Overcast,Overcast,23.14,25.49,25.35,1044,63,1011,747,10000,1.65,94,1,1672531200,1725194081,1725241076,-21600,24.28
339,2023-12-06,Cloudy,Cloudy,23.61,26.21,27.61,1013,84,1034,737,10000,1.36,100,0,1672531200,1725194081,1725241076,-21600,24.95
340,2023-12-07,Fog,Fog,23.28,25.94,26.84,1047,60,1020,750,10000,1.41,88,0,1672531200,1725194081,1725241076,-21600,24.74
341,2023-12-08,sky,Clear sky,25.26,27.88,29.08,1036,42,1043,742,10000,1.61,94,2,1672531200,1725194081,1725241076,-21600,26.73
342,2023-12-09,cloudy,Partially cloudy,22.93,25.49,26.78,1035,84,1042,780,10000,1.77,104,2,1672531200,1725194081,1725241076,-21600,24.09
343,2023-12-10,sky,Clear sky,23.7,26.28,27.64,1030,54,1033,767,10000,1.74,91,1,1672531200,1725194081,1725241076,-21600,24.8
344,2023-12-11,Fog,Fog,25.53,27.72,28.59,1042,80,1045,757,10000,1.3,100,0,1672531200,1725194081,1725241076,-21600,26.64
345,2023-12-12,cloudy,Partially cloudy,23.13,25.74,26.15,1021,24,1040,748,10000,1.75,95,1,1672531200,1725194081,1725241076,-21600,24.5
346,2023-12-13,Sunny,Sunny,22.63,24.93,26.43,1050,90,1011,748,10000,1.75,85,1,1672531200,1725194081,1725241076,-21600,23.8
347,2023-12-14,Fog,Fog,25.06,27.53,27.9,1027,29,1031,738,10000,1.5,86,0,1672531200,1725194081,1725241076,-21600,26.41
348,2023-12-15,Fog,Fog,24.4,26.62,27.18,1011,89,1048,731,10000,1.47,86,2,1672531200,1725194081,1725241076,-21600,25.51
349,2023-12-16,Sunny,Sunny,25.09,27.36,28.27,1033,40,1027,738,10000,1.33,102,0,1672531200,1725194081,1725241076,-21600,26.26
350,2023-12-17,Cloudy,Cloudy,24.36,27.06,26.81,1039,24,1015,731,10000,1.41,89,2,1672531200,1725194081,1725241076,-21600,25.66
351,2023-12-18,Fog,Fog,23.09,25.47,27.43,1044,61,1022,735,10000,1.61,92,2,1672531200,1725194081,1725241076,-21600,24.47
352,2023-12-19,sunny,Mostly sunny,24.52,27.28,28.05,1027,38,1050,741,10000,1.59,92,0,1672531200,1725194081,1725241076,-21600,25.85
353,2023-12-20,Fog,Fog,21.93,24.67,25.21,1015,20,1008,726,10000,1.4,93,1,1672531200,1725194081,1725241076,-21600,23.4
354,2023-12-21,Storm,Storm,22.55,24.97,26.21,1046,59,1015,725,10000,1.6,87,2,1672531200,1725194081,1725241076,-21600,23.56
355,2023-12-22,sky,Clear sky,22.01,24.49,25.42,1017,59,1002,779,10000,1.56,92,2,1672531200,1725194081,1725241076,-21600,23.3
356,2023-12-23,Sunny,Sunny,24.01,26.62,27.4,1010,33,1008,753,10000,1.7,103,2,1672531200,1725194081,1725241076,-21600,25.36
357,2023-12-24,sunny,Mostly sunny,23.81,26.58,26.76,1043,92,1021,756,10000,1.3,96,1,1672531200,1725194081,1725241076,-21600,25.08
358,2023-12-25,sky,Clear sky,24.35,26.83,28.13,1032,81,1006,750,10000,1.35,94,0,1672531200,1725194081,1725241076,-21600,25.76
359,2023-12-26,clouds,scattered clouds,23.84,26.37,27.49,1027,88,1016,754,10000,1.2,91,2,1672531200,1725194081,1725241076,-21600,24.91
360,2023-12-27,Sunny,Sunny,22.84,25.76,26.81,1036,79,1033,771,10000,1.57,87,0,1672531200,1725194081,1725241076,-21600,24.34
361,2023-12-28,Fog,Fog,25.26,28.12,29.62,1048,69,1016,723,10000,1.61,85,0,1672531200,1725194081,1725241076,-21600,26.62
362,2023-12-29,Sunny,Sunny,24.14,26.65,27.96,1049,53,1011,722,10000,1.75,91,0,1672531200,1725194081,1725241076,-21600,25.23
363,2023-12-30,Fog,Fog,22.22,24.37,25.56,1044,35,1050,763,10000,1.67,96,2,1672531200,1725194081,1725241076,-21600,23.23
364,2023-12-31,cloudy,Partially cloudy,23.3,25.74,25.77,1028,46,1027,780,10000,1.24,104,1,1672531200,1725194081,1725241076,-21600,24.4
365,2024-01-01,Sunny,Sunny,25.68,27.98,28.65,1038,71,1044,774,10000,1.35,91,0,1672531200,1725194081,1725241076,-21600,26.72
366,2024-01-02,Overcast,Overcast,23.77,26.02,27.76,1050,84,1039,737,10000,1.36,97,1,1672531200,1725194081,1725241076,-21600,24.81
367,2024-01-03,clouds,scattered clouds,21.82,24.42,25.81,1021,48,1031,776,10000,1.71,103,2,1672531200,1725194081,1725241076,-21600,23.15
368,2024-01-04,Fog,Fog,22.79,25.47,26.39,1046,27,1028,764,10000,1.33,92,0,1672531200,1725194081,1725241076,-21600,24.08
369,2024-01-05,sunny,Mostly sunny,24.62,27.29,27.58,1034,69,1002,759,10000,1.49,88,0,1672531200,1725194081,1725241076,-21600,26.08
370,2024-01-06,sky,Clear sky,24.7,26.88,27.46,1020,50,1001,775,10000,1.25,98,2,1672531200,1725194081,1725241076,-21600,25.71
371,2024-01-07,sky,Clear sky,22.47,25.19,26.12,1046,59,1021,763,10000,1.27,90,0,1672531200,1725194081,1725241076,-21600,23.9
372,2024-01-08,sunny,Mostly sunny,23.67,26.33,26.76,1020,28,1038,740,10000,1.33,93,0,1672531200,1725194081,1725241076,-21600,25.02
373,2024-01-09,Fog,Fog,23.05,25.79,26.68,1048,69,1032,747,10000,1.62,94,1,1672531200,1725194081,1725241076,-21600,24.49
374,2024-01-10,Sunny,Sunny,23.27,25.99,26.43,1017,67,1008,744,10000,1.33,88,2,1672531200,1725194081,1725241076,-21600,24.64
375,2024-01-11,sky,Clear sky,23.29,25.87,25.56,1039,74,1037,759,10000,1.56,97,0,1672531200,1725194081,1725241076,-21600,24.43
376,2024-01-12,clouds,scattered clouds,23.55,26.11,26.32,1013,71,1012,747,10000,1.32,104,2,1672531200,1725194081,1725241076,-21600,24.93
377,2024-01-13,sunny,Mostly sunny,23.16,25.86,27.29,1012,39,1034,759,10000,1.67,95,2,1672531200,1725194081,1725241076,-21600,24.55
378,2024-01-14,Storm,Storm,22.48,25.23,26.49,1049,21,1006,755,10000,1.76,97,0,1672531200,1725194081,1725241076,-21600,23.85
379,2024-01-15,Overcast,Overcast,22.31,24.59,26.14,1047,49,1009,777,10000,1.33,100,1,1672531200,1725194081,1725241076,-21600,23.52
380,2024-01-16,cloudy,Partially cloudy,23.97,26.35,26.49,1015,28,1031,754,10000,1.23,99,2,1672531200,1725194081,1725241076,-21600,25.01
381,2024-01-17,Sunny,Sunny,25.06,27.5,28.89,1011,45,1030,729,10000,1.45,86,0,1672531200,1725194081,1725241076,-21600,26.35
382,2024-01-18,Rainy,Rainy,23.01,25.72,26.37,1014,90,1047,740,10000,1.21,93,1,1672531200,1725194081,1725241076,-21600,24.43
383,2024-01-19,clouds,scattered clouds,23.57,25.78,26.83,1015,71,1044,762,10000,1.59,94,2,1672531200,1725194081,1725241076,-21600,24.78
384,2024-01-20,sunny,Mostly sunny,22.22,25.18,25.42,1030,47,1021,774,10000,1.22,93,2,1672531200,1725194081,1725241076,-21600,23.68
385,2024-01-21,sunny,Mostly sunny,23.18,25.84,26.28,1017,23,1039,766,10000,1.61,98,0,1672531200,1725194081,1725241076,-21600,24.36
386,2024-01-22,clouds,scattered clouds,24.09,26.88,28.21,1025,95,1021,766,10000,1.48,102,1,1672531200,1725194081,1725241076,-21600,25.48
387,2024-01-23,Cloudy,Cloudy,22.63,25.21,25.96,1027,33,1014,773,10000,1.29,97,1,1672531200,1725194081,1725241076,-21600,23.97
388,2024-01-24,sky,Clear sky,22.41,24.57,25.01,1025,33,1004,728,10000,1.66,100,1,1672531200,1725194081,1725241076,-21600,23.49
389,2024-01-25,clouds,scattered clouds,25.72,27.91,29.15,1036,28,1013,777,10000,1.22,88,2,1672531200,1725194081,1725241076,-21600,26.84
390,2024-01-26,cloudy,Partially cloudy,23.19,25.91,27.07,1024,22,1027,752,10000,1.28,100,1,1672531200,1725194081,1725241076,-21600,24.66
391,2024-01-27,sky,Clear sky,23.18,25.48,26.92,1043,32,1024,772,10000,1.7,86,2,1672531200,1725194081,1725241076,-21600,24.43
392,2024-01-28,Rainy,Rainy,23.82,26.61,26.82,1046,50,1011,756,10000,1.62,86,0,1672531200,1725194081,1725241076,-21600,25.3
393,2024-01-29,Rainy,Rainy,23.96,26.85,27.2,1021,28,1019,735,10000,1.6,98,0,1672531200,1725194081,1725241076,-21600,25.36
394,2024-01-30,sky,Clear sky,24.7,27.0,28.08,1041,75,1023,756,10000,1.66,100,2,1672531200,1725194081,1725241076,-21600,25.75
395,2024-01-31,Rainy,Rainy,23.61,25.97,27.23,1010,56,1028,737,10000,1.2,101,1,1672531200,1725194081,1725241076,-21600,24.89
396,2024-02-01,Rainy,Rainy,25.8,28.41,29.64,1021,83,1032,738,10000,1.48,92,2,1672531200,1725194081,1725241076,-21600,26.99
397,2024-02-02,Sunny,Sunny,23.06,25.56,25.28,1024,91,1046,770,10000,1.33,95,1,1672531200,1725194081,1725241076,-21600,24.08
398,2024-02-03,clouds,scattered clouds,22.52,25.26,26.09,1045,51,1013,734,10000,1.26,91,2,1672531200,1725194081,1725241076,-21600,23.76
399,2024-02-04,Cloudy,Cloudy,22.0,24.45,25.71,1023,82,1010,749,10000,1.74,96,0,1672531200,1725194081,1725241076,-21600,23.03
400,2024-02-05,cloudy,Partially cloudy,25.04,27.34,27.89,1018,87,1028,761,10000,1.28,95,2,1672531200,1725194081,1725241076,-21600,26.13
401,2024-02-06,Storm,Storm,24.4,27.19,27.71,1037,20,1003,723,10000,1.63,101,1,1672531200,1725194081,1725241076,-21600,25.74
402,2024-02-07,cloudy,Partially cloudy,25.03,27.34,28.4,1032,23,1040,734,10000,1.67,99,1,1672531200,1725194081,1725241076,-21600,26.08
403,2024-02-08,Storm,Storm,24.49,26.92,28.44,1047,57,1040,728,10000,1.42,90,0,1672531200,1725194081,1725241076,-21600,25.61
404,2024-02-09,Fog,Fog,23.11,25.56,25.72,1050,95,1019,724,10000,1.5,96,2,1672531200,1725194081,1725241076,-21600,24.35
405,2024-02-10,cloudy,Partially cloudy,24.13,26.56,26.56,1021,71,1042,771,10000,1.72,93,2,1672531200,1725194081,1725241076,-21600,25.22
406,2024-02-11,Rainy,Rainy,23.32,25.68,26.19,1030,89,1014,757,10000,1.57,89,1,1672531200,1725194081,1725241076,-21600,24.43
407,2024-02-12,Fog,Fog,23.73,26.68,28.03,1026,21,1032,727,10000,1.38,100,1,1672531200,1725194081,1725241076,-21600,25.21
408,2024-02-13,cloudy,Partially cloudy,24.86,27.17,26.97,1025,64,1011,753,10000,1.76,94,0,1672531200,1725194081,1725241076,-21600,25.92
409,2024-02-14,sunny,Mostly sunny,23.05,25.34,25.48,1049,72,1005,742,10000,1.73,103,2,1672531200,1725194081,1725241076,-21600,24.15
410,2024-02-15,Cloudy,Cloudy,24.52,27.0,27.76,1019,52,1030,761,10000,1.22,87,0,1672531200,1725194081,1725241076,-21600,25.96
411,2024-02-16,Storm,Storm,25.46,28.16,28.91,1035,94,1042,731,10000,1.31,86,2,1672531200,1725194081,1725241076,-21600,26.94
412,2024-02-17,cloudy,Partially cloudy,24.02,26.53,26.67,1012,81,1031,779,10000,1.26,105,1,1672531200,1725194081,1725241076,-21600,25.33
413,2024-02-18,sky,Clear sky,22.64,25.17,26.72,1026,37,1039,777,10000,1.22,93,2,1672531200,1725194081,1725241076,-21600,23.94
414,2024-02-19,Sunny,Sunny,24.39,26.89,28.29,1023,78,1047,743,10000,1.58,85,1,1672531200,1725194081,1725241076,-21600,25.61
415,2024-02-20,Fog,Fog,24.67,27.29,27.1,1013,62,1019,771,10000,1.38,92,0,1672531200,1725194081,1725241076,-21600,25.87
416,2024-02-21,sky,Clear sky,22.99,25.5,26.99,1024,25,1016,736,10000,1.6,93,1,1672531200,1725194081,1725241076,-21600,24.49
417,2024-02-22,Rainy,Rainy,22.71,25.1,25.04,1033,23,1014,765,10000,1.78,96,2,1672531200,1725194081,1725241076,-21600,24.0
418,2024-02-23,Cloudy,Cloudy,25.36,28.04,29.41,1039,53,1024,760,10000,1.74,105,2,1672531200,1725194081,1725241076,-21600,26.62
419,2024-02-24,clouds,scattered clouds,21.96,24.45,24.62,1020,36,1041,778,10000,1.57,89,0,1672531200,1725194081,1725241076,-21600,23.25
420,2024-02-25,Fog,Fog,21.68,24.49,24.3,1035,73,1013,775,10000,1.23,88,2,1672531200,1725194081,1725241076,-21600,23.1
421,2024-02-26,Storm,Storm,24.25,26.83,27.55,1011,68,1032,766,10000,1.49,93,0,1672531200,1725194081,1725241076,-21600,25.4
422,2024-02-27,Rainy,Rainy,21.83,24.25,25.96,1017,55,1027,732,10000,1.5,91,0,1672531200,1725194081,1725241076,-21600,23.04
423,2024-02-28,sunny,Mostly sunny,23.61,26.09,26.97,1019,90,1022,776,10000,1.33,101,0,1672531200,1725194081,1725241076,-21600,24.85
424,2024-02-29,Overcast,Overcast,24.12,26.81,28.03,1047,48,1013,776,10000,1.6,99,0,1672531200,1725194081,1725241076,-21600,25.37
425,2024-03-01,Storm,Storm,24.08,26.89,26.81,1013,52,1008,739,10000,1.28,104,1,1672531200,1725194081,1725241076,-21600,25.57
426,2024-03-02,cloudy,Partially cloudy,23.11,25.92,27.28,1048,33,1004,742,10000,1.28,90,2,1672531200,1725194081,1725241076,-21600,24.6
427,2024-03-03,sky,Clear sky,24.55,27.07,27.02,1048,77,1015,733,10000,1.22,90,0,1672531200,1725194081,1725241076,-21600,25.91
428,2024-03-04,clouds,scattered clouds,25.52,27.66,28.67,1025,65,1022,768,10000,1.65,99,2,1672531200,1725194081,1725241076,-21600,26.62
429,2024-03-05,Cloudy,Cloudy,23.32,25.84,26.13,1032,42,1038,725,10000,1.73,87,0,1672531200,1725194081,1725241076,-21600,24.66
430,2024-03-06,Fog,Fog,22.0,24.38,25.16,1036,43,1015,734,10000,1.41,93,0,1672531200,1725194081,1725241076,-21600,23.29
431,2024-03-07,clouds,scattered clouds,25.04,27.4,29.11,1032,34,1045,762,10000,1.27,92,0,1672531200,1725194081,1725241076,-21600,26.33
432,2024-03-08,Rainy,Rainy,25.63,27.89,28.49,1045,73,1033,754,10000,1.25,89,1,1672531200,1725194081,1725241076,-21600,26.64
433,2024-03-09,Sunny,Sunny,22.02,24.8,24.59,1022,66,1001,755,10000,1.62,85,0,1672531200,1725194081,1725241076,-21600,23.36
434,2024-03-10,sunny,Mostly sunny,23.72,26.15,26.69,1043,39,1004,771,10000,1.8,86,1,1672531200,1725194081,1725241076,-21600,25.0
435,2024-03-11,Storm,Storm,24.1,26.62,27.15,1011,55,1043,722,10000,1.39,104,2,1672531200,1725194081,1725241076,-21600,25.5
436,2024-03-12,sunny,Mostly sunny,23.9,26.52,27.02,1017,72,1004,731,10000,1.26,103,2,1672531200,1725194081,1725241076,-21600,25.17
437,2024-03-13,Rainy,Rainy,24.23,26.67,28.28,1041,92,1025,720,10000,1.55,96,0,1672531200,1725194081,1725241076,-21600,25.32
438,2024-03-14,clouds,scattered clouds,23.71,25.96,26.95,1035,37,1001,737,10000,1.71,89,2,1672531200,1725194081,1725241076,-21600,24.94
439,2024-03-15,sunny,Mostly sunny,24.48,27.17,28.08,1018,61,1030,724,10000,1.29,97,1,1672531200,1725194081,1725241076,-21600,25.95
440,2024-03-16,Storm,Storm,23.25,25.54,26.51,1037,50,1018,724,10000,1.72,99,0,1672531200,1725194081,1725241076,-21600,24.48
441,2024-03-17,Rainy,Rainy,24.3,26.41,26.68,1047,36,1011,721,10000,1.36,88,0,1672531200,1725194081,1725241076,-21600,25.36
442,2024-03-18,sky,Clear sky,23.25,25.71,26.59,1050,52,1049,780,10000,1.28,89,0,1672531200,1725194081,1725241076,-21600,24.59
443,2024-03-19,cloudy,Partially cloudy,24.1,26.96,26.93,1039,20,1025,725,10000,1.8,90,0,1672531200,1725194081,1725241076,-21600,25.52
444,2024-03-20,Fog,Fog,22.46,24.77,26.16,1037,83,1031,731,10000,1.37,100,1,1672531200,1725194081,1725241076,-21600,23.7
445,2024-03-21,clouds,scattered clouds,24.65,27.12,28.38,1020,95,1015,750,10000,1.66,95,1,1672531200,1725194081,1725241076,-21600,26.04
446,2024-03-22,Sunny,Sunny,25.4,27.78,27.92,1034,37,1013,761,10000,1.74,100,0,1672531200,1725194081,1725241076,-21600,26.65
447,2024-03-23,cloudy,Partially cloudy,25.51,28.05,28.07,1042,62,1015,726,10000,1.6,92,1,1672531200,1725194081,1725241076,-21600,26.85
448,2024-03-24,cloudy,Partially cloudy,22.41,24.62,26.31,1013,89,1017,748,10000,1.5,94,1,1672531200,1725194081,1725241076,-21600,23.49
449,2024-03-25,clouds,scattered clouds,21.85,24.25,24.29,1015,57,1015,777,10000,1.36,94,0,1672531200,1725194081,1725241076,-21600,23.1
450,2024-03-26,Overcast,Overcast,22.24,24.69,25.39,1022,54,1020,753,10000,1.61,85,2,1672531200,1725194081,1725241076,-21600,23.35
451,2024-03-27,Rainy,Rainy,21.8,24.25,25.29,1033,32,1003,780,10000,1.25,100,0,1672531200,1725194081,1725241076,-21600,23.07
452,2024-03-28,Fog,Fog,23.97,26.62,26.22,1042,93,1034,728,10000,1.24,103,0,1672531200,1725194081,1725241076,-21600,25.12
453,2024-03-29,clouds,scattered clouds,24.75,27.31,27.17,1037,70,1041,778,10000,1.69,99,1,1672531200,1725194081,1725241076,-21600,25.84
454,2024-03-30,Overcast,Overcast,22.88,25.24,26.25,1043,49,1023,724,10000,1.62,102,1,1672531200,1725194081,1725241076,-21600,23.91
455,2024-03-31,cloudy,Partially cloudy,23.12,25.95,26.97,1016,22,1005,730,10000,1.43,88,1,1672531200,1725194081,1725241076,-21600,24.6
456,2024-04-01,Storm,Storm,23.97,26.66,27.36,1046,26,1009,749,10000,1.76,91,2,1672531200,1725194081,1725241076,-21600,25.32
457,2024-04-02,Storm,Storm,24.23,26.91,28.0,1011,28,1024,746,10000,1.5,98,1,1672531200,1725194081,1725241076,-21600,25.66
458,2024-04-03,Rainy,Rainy,23.5,26.08,26.29,1050,28,1036,763,10000,1.22,88,1,1672531200,1725194081,1725241076,-21600,24.76
459,2024-04-04,clouds,scattered clouds,25.48,27.94,27.95,1023,43,1018,766,10000,1.22,103,0,1672531200,1725194081,1725241076,-21600,26.65
460,2024-04-05,Sunny,Sunny,24.65,27.35,27.73,1029,91,1015,725,10000,1.48,87,2,1672531200,1725194081,1725241076,-21600,25.89
461,2024-04-06,Fog,Fog,25.77,28.11,29.12,1016,22,1030,756,10000,1.6,104,2,1672531200,1725194081,1725241076,-21600,26.83
462,2024-04-07,Rainy,Rainy,23.23,25.65,26.1,1011,49,1040,745,10000,1.25,88,1,1672531200,1725194081,1725241076,-21600,24.26
463,2024-04-08,cloudy,Partially cloudy,22.81,25.26,25.75,1019,73,1002,771,10000,1.61,91,2,1672531200,1725194081,1725241076,-21600,23.84
464,2024-04-09,sunny,Mostly sunny,24.11,26.24,26.64,1029,36,1001,722,10000,1.28,105,2,1672531200,1725194081,1725241076,-21600,25.18
465,2024-04-10,Fog,Fog,22.51,25.04,24.97,1029,94,1006,759,10000,1.2,104,0,1672531200,1725194081,1725241076,-21600,23.61
466,2024-04-11,clouds,scattered clouds,23.26,26.1,27.74,1037,22,1040,760,10000,1.64,96,1,1672531200,1725194081,1725241076,-21600,24.75
467,2024-04-12,Cloudy,Cloudy,22.01,24.25,24.09,1036,60,1019,765,10000,1.63,91,0,1672531200,1725194081,1725241076,-21600,23.03
468,2024-04-13,clouds,scattered clouds,25.45,28.06,29.66,1042,76,1036,726,10000,1.36,94,0,1672531200,1725194081,1725241076,-21600,26.8
469,2024-04-14,clouds,scattered clouds,21.93,24.53,25.38,1044,38,1026,761,10000,1.32,88,0,1672531200,1725194081,1725241076,-21600,23.2
470,2024-04-15,Cloudy,Cloudy,22.77,25.14,24.93,1039,73,1037,744,10000,1.26,89,1,1672531200,1725194081,1725241076,-21600,23.77
471,2024-04-16,Sunny,Sunny,24.88,27.41,29.05,1018,31,1010,771,10000,1.41,98,0,1672531200,1725194081,1725241076,-21600,26.33
472,2024-04-17,Cloudy,Cloudy,23.17,25.75,27.02,1045,60,1048,766,10000,1.34,90,0,1672531200,1725194081,1725241076,-21600,24.51
473,2024-04-18,clouds,scattered clouds,25.41,27.7,29.41,1012,63,1025,752,10000,1.3,95,1,1672531200,1725194081,1725241076,-21600,26.65
474,2024-04-19,clouds,scattered clouds,24.31,27.27,28.01,1010,43,1016,759,10000,1.2,94,0,1672531200,1725194081,1725241076,-21600,25.79
475,2024-04-20,Overcast,Overcast,23.15,25.75,25.8,1038,28,1008,724,10000,1.42,104,1,1672531200,1725194081,1725241076,-21600,24.52
476,2024-04-21,sky,Clear sky,24.75,27.34,27.32,1042,33,1017,766,10000,1.27,98,0,1672531200,1725194081,1725241076,-21600,26.06
477,2024-04-22,sky,Clear sky,24.14,26.49,27.03,1028,54,1043,769,10000,1.53,105,0,1672531200,1725194081,1725241076,-21600,25.34
478,2024-04-23,Storm,Storm,23.76,26.26,27.44,1033,32,1013,731,10000,1.65,87,0,1672531200,1725194081,1725241076,-21600,25.18
479,2024-04-24,sky,Clear sky,24.96,27.71,28.88,1046,31,1027,780,10000,1.26,99,2,1672531200,1725194081,1725241076,-21600,26.34
480,2024-04-25,Cloudy,Cloudy,23.28,25.75,27.62,1027,80,1050,761,10000,1.55,94,1,1672531200,1725194081,1725241076,-21600,24.63
481,2024-04-26,Rainy,Rainy,24.7,26.93,27.57,1010,59,1041,724,10000,1.71,105,1,1672531200,1725194081,1725241076,-21600,25.91
482,2024-04-27,cloudy,Partially cloudy,22.53,25.33,25.0,1017,46,1009,720,10000,1.67,104,1,1672531200,1725194081,1725241076,-21600,23.83
483,2024-04-28,sky,Clear sky,22.58,25.11,25.48,1017,52,1004,744,10000,1.31,89,2,1672531200,1725194081,1725241076,-21600,23.92
484,2024-04-29,Cloudy,Cloudy,24.17,26.35,27.34,1029,72,1006,770,10000,1.5,99,1,1672531200,1725194081,1725241076,-21600,25.17
485,2024-04-30,sky,Clear sky,24.12,26.17,26.32,1035,24,1044,763,10000,1.63,90,1,1672531200,1725194081,1725241076,-21600,25.17
486,2024-05-01,clouds,scattered clouds,23.02,25.52,25.86,1025,68,1036,749,10000,1.57,100,1,1672531200,1725194081,1725241076,-21600,24.05
487,2024-05-02,Cloudy,Cloudy,22.96,25.27,26.22,1046,28,1022,756,10000,1.6,91,1,1672531200,1725194081,1725241076,-21600,24.17
488,2024-05-03,cloudy,Partially cloudy,25.58,27.74,29.29,1013,93,1022,741,10000,1.28,102,0,1672531200,1725194081,1725241076,-21600,26.6
489,2024-05-04,Fog,Fog,23.18,25.83,27.46,1016,77,1018,721,10000,1.76,96,1,1672531200,1725194081,1725241076,-21600,24.47
490,2024-05-05,sunny,Mostly sunny,22.63,24.87,25.04,1038,56,1003,741,10000,1.29,100,1,1672531200,1725194081,1725241076,-21600,23.85
491,2024-05-06,sunny,Mostly sunny,22.06,24.25,26.08,1031,20,1038,732,10000,1.51,104,1,1672531200,1725194081,1725241076,-21600,23.19
492,2024-05-07,Cloudy,Cloudy,22.01,24.66,25.2,1020,81,1046,762,10000,1.46,104,0,1672531200,1725194081,1725241076,-21600,23.26
493,2024-05-08,Overcast,Overcast,22.54,25.25,25.03,1016,43,1025,774,10000,1.79,100,1,1672531200,1725194081,1725241076,-21600,24.03
494,2024-05-09,Sunny,Sunny,22.23,25.16,24.84,1026,33,1035,721,10000,1.37,86,0,1672531200,1725194081,1725241076,-21600,23.68
495,2024-05-10,Cloudy,Cloudy,23.13,25.65,26.54,1032,21,1035,732,10000,1.71,92,0,1672531200,1725194081,1725241076,-21600,24.23
496,2024-05-11,cloudy,Partially cloudy,25.53,27.61,28.0,1012,63,1003,750,10000,1.6,103,0,1672531200,1725194081,1725241076,-21600,26.58
497,2024-05-12,Sunny,Sunny,25.81,28.36,28.54,1028,95,1029,776,10000,1.53,101,2,1672531200,1725194081,1725241076,-21600,26.99
498,2024-05-13,Cloudy,Cloudy,23.22,25.51,25.63,1039,88,1038,755,10000,1.6,105,1,1672531200,1725194081,1725241076,-21600,24.49
499,2024-05-14,clouds,scattered clouds,23.82,26.23,26.72,1045,34,1002,742,10000,1.34,99,1,1672531200,1725194081,1725241076,-21600,25.0
500,2024-05-15,Storm,Storm,25.75,28.14,29.02,1021,50,1047,758,10000,1.36,94,0,1672531200,1725194081,1725241076,-21600,26.89
501,2024-05-16,clouds,scattered clouds,22.24,24.43,24.43,1025,85,1009,770,10000,1.38,105,2,1672531200,1725194081,1725241076,-21600,23.27
502,2024-05-17,Fog,Fog,24.7,26.79,28.27,1012,28,1032,765,10000,1.6,89,1,1672531200,1725194081,1725241076,-21600,25.71
503,2024-05-18,Fog,Fog,24.98,27.73,28.36,1020,72,1030,749,10000,1.23,105,1,1672531200,1725194081,1725241076,-21600,26.45
504,2024-05-19,Cloudy,Cloudy,24.57,26.74,28.4,1045,44,1011,756,10000,1.28,87,2,1672531200,1725194081,1725241076,-21600,25.6
505,2024-05-20,Fog,Fog,25.66,28.26,28.62,1010,39,1019,772,10000,1.58,103,0,1672531200,1725194081,1725241076,-21600,26.82
506,2024-05-21,cloudy,Partially cloudy,23.06,25.44,25.74,1036,50,1044,763,10000,1.55,90,0,1672531200,1725194081,1725241076,-21600,24.3
507,2024-05-22,Sunny,Sunny,22.38,24.92,25.46,1029,80,1036,764,10000,1.77,100,0,1672531200,1725194081,1725241076,-21600,23.82
508,2024-05-23,cloudy,Partially cloudy,22.44,24.78,25.57,1012,94,1029,766,10000,1.25,94,1,1672531200,1725194081,1725241076,-21600,23.51
509,2024-05-24,Overcast,Overcast,25.57,27.83,27.64,1040,51,1042,744,10000,1.22,102,1,1672531200,1725194081,1725241076,-21600,26.59
510,2024-05-25,Overcast,Overcast,22.09,24.15,26.03,1028,71,1050,732,10000,1.57,105,0,1672531200,1725194081,1725241076,-21600,23.14
511,2024-05-26,Fog,Fog,25.56,28.22,29.6,1029,93,1000,737,10000,1.51,85,0,1672531200,1725194081,1725241076,-21600,26.91
512,2024-05-27,clouds,scattered clouds,23.88,26.18,27.52,1014,46,1038,739,10000,1.59,95,2,1672531200,1725194081,1725241076,-21600,24.88
513,2024-05-28,Storm,Storm,22.48,25.27,26.02,1023,24,1004,732,10000,1.46,95,1,1672531200,1725194081,1725241076,-21600,23.93
514,2024-05-29,Sunny,Sunny,23.21,25.97,25.56,1034,61,1028,731,10000,1.59,90,1,1672531200,1725194081,1725241076,-21600,24.56
515,2024-05-30,Rainy,Rainy,23.49,26.01,26.47,1033,79,1030,745,10000,1.57,94,1,1672531200,1725194081,1725241076,-21600,24.9
516,2024-05-31,sunny,Mostly sunny,24.51,26.86,28.33,1028,87,1007,767,10000,1.76,97,2,1672531200,1725194081,1725241076,-21600,25.52
517,2024-06-01,Fog,Fog,22.02,24.68,25.95,1039,37,1044,779,10000,1.54,103,2,1672531200,1725194081,1725241076,-21600,23.49
518,2024-06-02,sunny,Mostly sunny,24.33,26.53,28.43,1022,59,1005,771,10000,1.51,98,0,1672531200,1725194081,1725241076,-21600,25.45
519,2024-06-03,Rainy,Rainy,25.37,27.89,28.81,1017,49,1015,749,10000,1.78,92,0,1672531200,1725194081,1725241076,-21600,26.54
520,2024-06-04,Overcast,Overcast,24.51,27.37,28.57,1016,26,1012,775,10000,1.7,92,1,1672531200,1725194081,1725241076,-21600,25.92
521,2024-06-05,Rainy,Rainy,22.58,24.92,26.06,1010,33,1001,724,10000,1.43,100,2,1672531200,1725194081,1725241076,-21600,23.73
522,2024-06-06,sky,Clear sky,22.89,25.15,25.95,1037,89,1001,730,10000,1.26,103,0,1672531200,1725194081,1725241076,-21600,24.05
523,2024-06-07,Cloudy,Cloudy,21.79,24.59,25.35,1013,92,1038,737,10000,1.72,96,2,1672531200,1725194081,1725241076,-21600,23.27
524,2024-06-08,Cloudy,Cloudy,23.84,26.54,28.01,1020,27,1015,750,10000,1.57,97,0,1672531200,1725194081,1725241076,-21600,25.31
525,2024-06-09,Rainy,Rainy,23.07,25.73,26.56,1011,65,1040,778,10000,1.55,86,1,1672531200,1725194081,1725241076,-21600,24.4
526,2024-06-10,Fog,Fog,23.93,26.71,27.93,1026,66,1045,751,10000,1.46,94,0,1672531200,1725194081,1725241076,-21600,25.39
527,2024-06-11,clouds,scattered clouds,24.3,26.78,28.37,1050,20,1038,774,10000,1.54,105,2,1672531200,1725194081,1725241076,-21600,25.41
528,2024-06-12,sunny,Mostly sunny,25.71,28.16,28.73,1024,59,1015,776,10000,1.77,99,1,1672531200,1725194081,1725241076,-21600,26.89
529,2024-06-13,Sunny,Sunny,22.51,25.26,25.06,1044,54,1014,735,10000,1.59,98,0,1672531200,1725194081,1725241076,-21600,23.82
530,2024-06-14,cloudy,Partially cloudy,24.82,27.14,28.24,1033,34,1043,775,10000,1.8,95,0,1672531200,1725194081,1725241076,-21600,26.04
531,2024-06-15,sunny,Mostly sunny,25.74,27.82,29.7,1037,51,1048,724,10000,1.41,104,1,1672531200,1725194081,1725241076,-21600,26.74
532,2024-06-16,sky,Clear sky,24.04,26.69,26.63,1037,81,1008,774,10000,1.71,90,1,1672531200,1725194081,1725241076,-21600,25.41
533,2024-06-17,Cloudy,Cloudy,23.97,26.49,26.59,1028,60,1049,727,10000,1.2,86,2,1672531200,1725194081,1725241076,-21600,25.39
534,2024-06-18,Cloudy,Cloudy,25.46,27.7,28.49,1039,55,1027,758,10000,1.33,99,1,1672531200,1725194081,1725241076,-21600,26.69
535,2024-06-19,Overcast,Overcast,22.08,24.74,25.64,1025,78,1048,780,10000,1.78,101,2,1672531200,1725194081,1725241076,-21600,23.38
536,2024-06-20,cloudy,Partially cloudy,24.27,26.79,27.23,1037,83,1039,729,10000,1.5,105,1,1672531200,1725194081,1725241076,-21600,25.51
537,2024-06-21,Fog,Fog,22.43,24.61,25.75,1011,47,1005,770,10000,1.27,90,0,1672531200,1725194081,1725241076,-21600,23.54
538,2024-06-22,Storm,Storm,25.04,27.46,28.63,1030,80,1050,737,10000,1.21,85,2,1672531200,1725194081,1725241076,-21600,26.37
539,2024-06-23,sky,Clear sky,25.81,28.11,29.23,1044,42,1036,721,10000,1.33,94,1,1672531200,1725194081,1725241076,-21600,26.86
540,2024-06-24,Cloudy,Cloudy,21.79,24.75,25.98,1012,82,1037,722,10000,1.27,96,1,1672531200,1725194081,1725241076,-21600,23.29
541,2024-06-25,Storm,Storm,22.23,24.59,24.8,1025,92,1011,727,10000,1.34,101,2,1672531200,1725194081,1725241076,-21600,23.34
542,2024-06-26,Storm,Storm,24.47,27.25,28.85,1050,38,1017,779,10000,1.63,96,2,1672531200,1725194081,1725241076,-21600,25.9
543,2024-06-27,Sunny,Sunny,22.2,24.72,25.79,1020,32,1039,769,10000,1.51,91,1,1672531200,1725194081,1725241076,-21600,23.42
544,2024-06-28,Cloudy,Cloudy,23.32,25.88,25.57,1042,51,1000,751,10000,1.38,98,0,1672531200,1725194081,1725241076,-21600,24.52
545,2024-06-29,sunny,Mostly sunny,24.49,27.08,28.33,1011,80,1010,730,10000,1.65,104,2,1672531200,1725194081,1725241076,-21600,25.66
546,2024-06-30,sky,Clear sky,25.22,27.71,27.7,1016,42,1048,762,10000,1.27,101,2,1672531200,1725194081,1725241076,-21600,26.48
547,2024-07-01,Fog,Fog,21.92,24.05,25.63,1041,87,1043,723,10000,1.28,93,2,1672531200,1725194081,1725241076,-21600,23.03
548,2024-07-02,Cloudy,Cloudy,23.75,26.34,26.27,1014,85,1033,739,10000,1.3,90,0,1672531200,1725194081,1725241076,-21600,25.1
549,2024-07-03,Sunny,Sunny,22.68,25.14,26.7,1048,92,1004,738,10000,1.43,102,2,1672531200,1725194081,1725241076,-21600,23.84
550,2024-07-04,Overcast,Overcast,24.1,26.76,27.83,1024,41,1012,771,10000,1.65,104,2,1672531200,1725194081,1725241076,-21600,25.41
551,2024-07-05,sunny,Mostly sunny,22.28,24.67,26.36,1042,33,1044,747,10000,1.72,95,1,1672531200,1725194081,1725241076,-21600,23.52
552,2024-07-06,cloudy,Partially cloudy,24.58,27.51,28.62,1010,62,1042,757,10000,1.26,94,1,1672531200,1725194081,1725241076,-21600,26.03
553,2024-07-07,sunny,Mostly sunny,23.01,25.34,25.69,1036,23,1010,722,10000,1.57,85,0,1672531200,1725194081,1725241076,-21600,24.11
554,2024-07-08,Rainy,Rainy,23.03,25.58,26.37,1042,36,1050,756,10000,1.22,100,1,1672531200,1725194081,1725241076,-21600,24.1
555,2024-07-09,sky,Clear sky,21.84,24.64,25.21,1025,64,1025,747,10000,1.4,105,1,1672531200,1725194081,1725241076,-21600,23.33
556,2024-07-10,Fog,Fog,23.62,25.72,26.95,1037,76,1039,766,10000,1.28,98,1,1672531200,1725194081,1725241076,-21600,24.62
557,2024-07-11,cloudy,Partially cloudy,22.22,24.89,25.54,1034,70,1016,745,10000,1.33,95,0,1672531200,1725194081,1725241076,-21600,23.67
558,2024-07-12,Fog,Fog,24.85,27.04,27.62,1013,86,1012,749,10000,1.6,89,0,1672531200,1725194081,1725241076,-21600,25.98
559,2024-07-13,sunny,Mostly sunny,25.58,27.8,27.7,1049,64,1003,777,10000,1.65,96,0,1672531200,1725194081,1725241076,-21600,26.67
560,2024-07-14,clouds,scattered clouds,24.23,26.59,28.39,1049,79,1044,751,10000,1.66,91,2,1672531200,1725194081,1725241076,-21600,25.47
561,2024-07-15,clouds,scattered clouds,23.08,25.57,25.62,1022,62,1024,723,10000,1.4,104,2,1672531200,1725194081,1725241076,-21600,24.3
562,2024-07-16,Rainy,Rainy,22.59,25.09,26.25,1040,43,1031,780,10000,1.58,96,2,1672531200,1725194081,1725241076,-21600,23.61
563,2024-07-17,cloudy,Partially cloudy,24.88,27.56,28.05,1014,69,1026,732,10000,1.7,102,1,1672531200,1725194081,1725241076,-21600,26.34
564,2024-07-18,Storm,Storm,25.76,27.92,28.03,1050,58,1018,761,10000,1.6,101,0,1672531200,1725194081,1725241076,-21600,26.8
565,2024-07-19,sunny,Mostly sunny,24.65,27.2,28.5,1048,73,1009,722,10000,1.71,103,2,1672531200,1725194081,1725241076,-21600,25.71
566,2024-07-20,Cloudy,Cloudy,24.25,27.02,27.29,1045,35,1007,739,10000,1.51,100,1,1672531200,1725194081,1725241076,-21600,25.52
567,2024-07-21,Cloudy,Cloudy,22.51,25.28,25.48,1026,66,1015,727,10000,1.59,95,0,1672531200,1725194081,1725241076,-21600,23.8
568,2024-07-22,Storm,Storm,24.04,26.76,28.24,1047,45,1050,734,10000,1.31,102,0,1672531200,1725194081,1725241076,-21600,25.41
569,2024-07-23,Overcast,Overcast,22.06,24.47,24.33,1029,56,1027,775,10000,1.66,89,2,1672531200,1725194081,1725241076,-21600,23.12
570,2024-07-24,sunny,Mostly sunny,23.51,26.04,27.2,1010,63,1049,779,10000,1.32,92,2,1672531200,1725194081,1725241076,-21600,24.94
571,2024-07-25,Sunny,Sunny,21.93,24.48,25.47,1028,65,1011,760,10000,1.39,101,0,1672531200,1725194081,1725241076,-21600,23.12
572,2024-07-26,Fog,Fog,22.7,25.31,26.76,1011,92,1020,733,10000,1.25,98,1,1672531200,1725194081,1725241076,-21600,23.86
573,2024-07-27,Storm,Storm,24.42,26.83,28.33,1018,89,1050,742,10000,1.2,88,1,1672531200,1725194081,1725241076,-21600,25.46
574,2024-07-28,cloudy,Partially cloudy,25.36,27.86,29.28,1048,62,1041,773,10000,1.23,98,0,1672531200,1725194081,1725241076,-21600,26.38
575,2024-07-29,sunny,Mostly sunny,22.33,24.41,24.82,1050,61,1013,743,10000,1.3,105,1,1672531200,1725194081,1725241076,-21600,23.35
576,2024-07-30,sky,Clear sky,25.3,27.99,28.56,1020,22,1005,768,10000,1.49,96,1,1672531200,1725194081,1725241076,-21600,26.61
577,2024-07-31,Fog,Fog,23.18,25.32,26.62,1019,85,1046,728,10000,1.49,100,0,1672531200,1725194081,1725241076,-21600,24.19
578,2024-08-01,sunny,Mostly sunny,23.67,26.07,26.54,1032,94,1037,728,10000,1.42,86,2,1672531200,1725194081,1725241076,-21600,25.07
579,2024-08-02,Overcast,Overcast,24.29,27.09,28.15,1050,73,1047,773,10000,1.69,98,0,1672531200,1725194081,1725241076,-21600,25.74
580,2024-08-03,Rainy,Rainy,25.54,27.92,28.44,1014,50,1031,760,10000,1.45,89,0,1672531200,1725194081,1725241076,-21600,26.56
581,2024-08-04,Rainy,Rainy,24.07,26.38,26.8,1018,55,1018,768,10000,1.25,89,2,1672531200,1725194081,1725241076,-21600,25.2
582,2024-08-05,Rainy,Rainy,23.35,25.82,25.99,1013,77,1011,744,10000,1.78,89,1,1672531200,1725194081,1725241076,-21600,24.79
583,2024-08-06,Sunny,Sunny,21.98,24.83,26.12,1014,33,1006,766,10000,1.46,91,0,1672531200,1725194081,1725241076,-21600,23.38
584,2024-08-07,clouds,scattered clouds,24.56,26.72,27.19,1040,43,1033,754,10000,1.78,85,2,1672531200,1725194081,1725241076,-21600,25.56
585,2024-08-08,sunny,Mostly sunny,21.7,24.16,25.73,1039,66,1036,740,10000,1.53,90,1,1672531200,1725194081,1725241076,-21600,23.1
586,2024-08-09,Overcast,Overcast,25.21,27.68,27.97,1048,57,1015,730,10000,1.69,90,0,1672531200,1725194081,1725241076,-21600,26.46
587,2024-08-10,cloudy,Partially cloudy,23.09,25.35,25.4,1037,83,1037,745,10000,1.38,101,1,1672531200,1725194081,1725241076,-21600,24.21
588,2024-08-11,Cloudy,Cloudy,21.9,24.35,25.67,1029,54,1008,721,10000,1.56,88,2,1672531200,1725194081,1725241076,-21600,23.35
589,2024-08-12,sky,Clear sky,22.97,25.32,25.83,1021,25,1018,773,10000,1.46,95,1,1672531200,1725194081,1725241076,-21600,24.18
590,2024-08-13,Overcast,Overcast,23.57,26.27,26.53,1041,87,1030,772,10000,1.73,86,0,1672531200,1725194081,1725241076,-21600,24.91
591,2024-08-14,Storm,Storm,23.08,26.04,25.91,1020,31,1038,747,10000,1.52,105,1,1672531200,1725194081,1725241076,-21600,24.54
592,2024-08-15,clouds,scattered clouds,22.81,25.6,26.99,1048,94,1004,756,10000,1.67,95,2,1672531200,1725194081,1725241076,-21600,24.16
593,2024-08-16,Overcast,Overcast,23.05,25.33,26.85,1011,34,1008,761,10000,1.56,101,1,1672531200,1725194081,1725241076,-21600,24.26
594,2024-08-17,Storm,Storm,22.92,25.27,26.75,1046,26,1039,722,10000,1.7,92,0,1672531200,1725194081,1725241076,-21600,23.94
595,2024-08-18,sunny,Mostly sunny,21.99,24.57,26.04,1013,31,1034,749,10000,1.57,92,0,1672531200,1725194081,1725241076,-21600,23.33
596,2024-08-19,sunny,Mostly sunny,22.6,24.9,25.63,1034,91,1033,775,10000,1.76,90,0,1672531200,1725194081,1725241076,-21600,23.83
597,2024-08-20,cloudy,Partially cloudy,25.17,27.34,28.21,1027,94,1028,754,10000,1.29,101,0,1672531200,1725194081,1725241076,-21600,26.18
598,2024-08-21,Overcast,Overcast,22.26,24.68,24.94,1040,59,1038,730,10000,1.39,87,0,1672531200,1725194081,1725241076,-21600,23.43
599,2024-08-22,clouds,scattered clouds,23.5,26.11,27.48,1038,83,1024,730,10000,1.39,95,1,1672531200,1725194081,1725241076,-21600,24.79
600,2024-08-23,sunny,Mostly sunny,24.23,26.84,28.18,1038,48,1043,762,10000,1.36,88,0,1672531200,1725194081,1725241076,-21600,25.71
601,2024-08-24,Cloudy,Cloudy,22.13,24.99,25.27,1013,64,1011,745,10000,1.37,90,0,1672531200,1725194081,1725241076,-21600,23.56
602,2024-08-25,Storm,Storm,22.25,24.41,24.4,1039,44,1023,730,10000,1.61,105,1,1672531200,1725194081,1725241076,-21600,23.28
603,2024-08-26,Sunny,Sunny,24.28,27.03,28.0,1040,88,1042,746,10000,1.75,95,1,1672531200,1725194081,1725241076,-21600,25.58
604,2024-08-27,cloudy,Partially cloudy,23.91,26.39,27.2,1031,74,1004,769,10000,1.46,95,1,1672531200,1725194081,1725241076,-21600,24.93
605,2024-08-28,sunny,Mostly sunny,24.5,27.08,28.21,1018,26,1000,774,10000,1.75,102,2,1672531200,1725194081,1725241076,-21600,25.94
606,2024-08-29,Cloudy,Cloudy,24.51,27.24,27.63,1034,84,1042,753,10000,1.71,101,1,1672531200,1725194081,1725241076,-21600,25.78
607,2024-08-30,cloudy,Partially cloudy,25.73,27.99,28.87,1047,31,1039,759,10000,1.79,91,0,1672531200,1725194081,1725241076,-21600,26.82
608,2024-08-31,Rainy,Rainy,25.67,28.33,29.71,1043,73,1018,724,10000,1.7,101,0,1672531200,1725194081,1725241076,-21600,26.86
609,2024-09-01,Cloudy,Cloudy,24.61,27.09,27.34,1034,95,1026,759,10000,1.6,96,1,1672531200,1725194081,1725241076,-21600,26.05
610,2024-09-02,Fog,Fog,25.0,27.66,28.06,1019,43,1049,732,10000,1.38,94,0,1672531200,1725194081,1725241076,-21600,26.16
